"numero_cartao","id_cliente","data_emissao","limite_credito","status"
"0000000000000001","92","2024-02-10","13690.37","cancelado"
"0000000000000002","92","2023-07-22","7597.15","bloqueado"
"0000000000000003","850","2021-10-09","14792.67","cancelado"
"0000000000000004","195","2023-08-04","10269.65","cancelado"
"0000000000000005","869","2022-11-14","10474.04","cancelado"
"0000000000000006","869","2025-05-06","7301.38","ativo"
"0000000000000007","931","2022-04-15","11498.98","cancelado"
"0000000000000008","82","2024-10-20","7578.91","ativo"
"0000000000000009","207","2023-01-16","4033.53","bloqueado"
"0000000000000010","505","2022-11-30","5645.3","ativo"
"0000000000000011","258","2021-05-09","12552.97","ativo"
"0000000000000012","258","2024-06-21","3263.88","bloqueado"
"0000000000000013","258","2021-05-14","9948.59","ativo"
"0000000000000014","232","2023-05-10","10497.36","bloqueado"
"0000000000000015","244","2024-12-21","5990.49","ativo"
"0000000000000016","244","2021-08-11","6124.18","bloqueado"
"0000000000000017","244","2020-11-03","11869.94","ativo"
"0000000000000018","444","2021-09-27","8997.31","cancelado"
"0000000000000019","791","2021-07-22","14378.04","bloqueado"
"0000000000000020","775","2022-09-17","643.45","bloqueado"
"0000000000000021","775","2021-04-12","3597.48","bloqueado"
"0000000000000022","775","2022-02-25","10853.09","ativo"
"0000000000000023","338","2023-10-28","894.56","ativo"
"0000000000000024","938","2021-03-13","1347.84","ativo"
"0000000000000025","938","2021-12-15","14522.48","bloqueado"
"0000000000000026","133","2025-07-05","8114.74","bloqueado"
"0000000000000027","387","2022-08-30","7163.17","ativo"
"0000000000000028","387","2021-05-22","13792.92","ativo"
"0000000000000029","387","2021-04-15","2290.84","cancelado"
"0000000000000030","500","2020-09-22","7141.69","bloqueado"
"0000000000000031","500","2020-10-04","3074.58","cancelado"
"0000000000000032","612","2023-07-19","1770.96","cancelado"
"0000000000000033","806","2021-03-30","3251.72","ativo"
"0000000000000034","806","2021-12-22","3557.18","bloqueado"
"0000000000000035","806","2025-08-08","12469.36","cancelado"
"0000000000000036","431","2024-07-25","5564.06","bloqueado"
"0000000000000037","431","2023-06-18","885.27","ativo"
"0000000000000038","942","2021-07-18","5202.65","cancelado"
"0000000000000039","942","2021-09-06","13120.96","bloqueado"
"0000000000000040","558","2021-02-14","6466.15","cancelado"
"0000000000000041","558","2021-10-28","14394.59","ativo"
"0000000000000042","558","2022-05-05","3217.51","ativo"
"0000000000000043","541","2021-05-03","12254.08","ativo"
"0000000000000044","541","2022-03-23","12241.02","bloqueado"
"0000000000000045","417","2021-06-04","5397.54","cancelado"
"0000000000000046","417","2021-06-04","3797.39","bloqueado"
"0000000000000047","277","2020-09-04","14288.06","ativo"
"0000000000000048","277","2024-04-30","2222.72","ativo"
"0000000000000049","718","2022-08-18","5140.92","ativo"
"0000000000000050","718","2022-06-08","10742.13","cancelado"
"0000000000000051","718","2021-01-26","6775.83","cancelado"
"0000000000000052","608","2021-04-27","6671.16","bloqueado"
"0000000000000053","608","2023-12-09","7108.44","cancelado"
"0000000000000054","608","2023-05-16","5621.43","cancelado"
"0000000000000055","70","2025-02-23","10079.42","bloqueado"
"0000000000000056","70","2022-04-14","4746.52","cancelado"
"0000000000000057","70","2024-09-11","521.76","bloqueado"
"0000000000000058","617","2022-04-28","12994.75","cancelado"
"0000000000000059","617","2024-11-09","13382.37","cancelado"
"0000000000000060","617","2022-03-25","3443.39","cancelado"
"0000000000000061","929","2024-08-20","4237.72","ativo"
"0000000000000062","929","2023-02-04","5556.92","ativo"
"0000000000000063","929","2021-03-02","12421.01","bloqueado"
"0000000000000064","408","2024-05-29","3453.19","bloqueado"
"0000000000000065","408","2022-03-21","11330.13","cancelado"
"0000000000000066","408","2024-12-18","686.93","cancelado"
"0000000000000067","6","2020-09-12","14039.48","ativo"
"0000000000000068","6","2021-04-28","1540.82","bloqueado"
"0000000000000069","6","2022-02-21","942.28","ativo"
"0000000000000070","712","2022-04-30","643.92","cancelado"
"0000000000000071","712","2022-11-19","1563.34","ativo"
"0000000000000072","514","2021-11-14","9065.97","cancelado"
"0000000000000073","514","2025-04-03","12342.53","ativo"
"0000000000000074","514","2025-07-16","14690.32","ativo"
"0000000000000075","531","2022-04-04","2433.47","ativo"
"0000000000000076","531","2021-09-13","2498.84","bloqueado"
"0000000000000077","531","2021-04-16","11613.56","ativo"
"0000000000000078","889","2022-03-31","14591.11","bloqueado"
"0000000000000079","267","2022-03-28","1769.78","ativo"
"0000000000000080","30","2023-05-19","7825.26","ativo"
"0000000000000081","150","2022-08-01","1663.68","bloqueado"
"0000000000000082","109","2022-01-10","2352.72","ativo"
"0000000000000083","730","2024-01-02","1348.34","ativo"
"0000000000000084","255","2023-03-03","2791.17","bloqueado"
"0000000000000085","97","2024-02-25","8442.79","ativo"
"0000000000000086","97","2024-12-15","8881.41","cancelado"
"0000000000000087","97","2023-01-27","14296.99","bloqueado"
"0000000000000088","492","2022-07-03","7997.52","ativo"
"0000000000000089","492","2024-04-10","6075.72","ativo"
"0000000000000090","492","2022-10-12","1537.44","bloqueado"
"0000000000000091","507","2023-07-31","7958.27","ativo"
"0000000000000092","507","2022-09-11","5423.75","ativo"
"0000000000000093","454","2025-02-27","4186.34","bloqueado"
"0000000000000094","606","2020-09-14","4169.18","bloqueado"
"0000000000000095","606","2022-10-14","1269.97","cancelado"
"0000000000000096","606","2023-01-15","2696.91","ativo"
"0000000000000097","9","2022-01-07","12186.87","ativo"
"0000000000000098","576","2021-03-12","14933.32","bloqueado"
"0000000000000099","104","2021-03-03","2207.52","ativo"
"0000000000000100","301","2021-03-07","11864.24","ativo"
"0000000000000101","301","2024-11-05","4065.45","ativo"
"0000000000000102","53","2023-07-29","2128.45","bloqueado"
"0000000000000103","53","2021-02-27","3548.75","cancelado"
"0000000000000104","287","2024-04-21","1155.69","bloqueado"
"0000000000000105","287","2021-04-29","1118.05","cancelado"
"0000000000000106","930","2024-06-09","9019.48","ativo"
"0000000000000107","930","2020-09-30","13499.53","bloqueado"
"0000000000000108","224","2021-05-25","12099.25","ativo"
"0000000000000109","224","2023-05-10","6460.04","bloqueado"
"0000000000000110","562","2023-09-21","3969.11","cancelado"
"0000000000000111","562","2021-03-16","2471.38","ativo"
"0000000000000112","826","2025-06-27","2673.94","ativo"
"0000000000000113","826","2022-11-17","11848.66","ativo"
"0000000000000114","826","2023-05-12","11657.26","ativo"
"0000000000000115","395","2024-06-24","10770.12","cancelado"
"0000000000000116","395","2023-09-10","10116.19","ativo"
"0000000000000117","395","2024-09-24","3337.33","ativo"
"0000000000000118","183","2023-10-18","13568.93","ativo"
"0000000000000119","428","2024-11-23","4336.13","bloqueado"
"0000000000000120","964","2023-03-14","2111.22","bloqueado"
"0000000000000121","44","2024-10-21","5485.57","cancelado"
"0000000000000122","44","2023-04-24","14671.85","bloqueado"
"0000000000000123","44","2025-04-16","11209.79","bloqueado"
"0000000000000124","1","2022-04-07","2686.68","bloqueado"
"0000000000000125","1","2022-08-02","9250.39","cancelado"
"0000000000000126","312","2025-08-22","12033.77","ativo"
"0000000000000127","312","2022-02-04","11091.71","ativo"
"0000000000000128","312","2021-01-03","10425.62","ativo"
"0000000000000129","209","2023-08-25","10965.84","cancelado"
"0000000000000130","209","2024-02-17","6988.54","bloqueado"
"0000000000000131","66","2024-08-07","2147.95","cancelado"
"0000000000000132","66","2024-07-28","12763.94","ativo"
"0000000000000133","66","2023-05-28","1606.92","ativo"
"0000000000000134","983","2024-01-28","5113.52","bloqueado"
"0000000000000135","234","2024-08-03","2114.86","cancelado"
"0000000000000136","219","2024-08-05","11454.83","ativo"
"0000000000000137","219","2024-06-28","11617.74","cancelado"
"0000000000000138","952","2021-12-11","542.49","cancelado"
"0000000000000139","952","2021-11-08","11118.22","cancelado"
"0000000000000140","565","2023-12-04","1346.39","bloqueado"
"0000000000000141","857","2024-03-19","4803.78","bloqueado"
"0000000000000142","857","2020-11-08","3767.32","ativo"
"0000000000000143","857","2021-10-31","12657.36","cancelado"
"0000000000000144","723","2023-05-05","14382.46","ativo"
"0000000000000145","769","2023-11-22","1225.63","cancelado"
"0000000000000146","769","2021-12-01","1851.52","bloqueado"
"0000000000000147","170","2024-01-16","5295.22","cancelado"
"0000000000000148","585","2023-10-04","1736.54","ativo"
"0000000000000149","585","2020-10-06","11036.21","bloqueado"
"0000000000000150","811","2024-05-04","9502.07","cancelado"
"0000000000000151","35","2022-02-11","3620.13","ativo"
"0000000000000152","35","2021-12-06","2086.06","bloqueado"
"0000000000000153","35","2022-03-18","6895.17","cancelado"
"0000000000000154","335","2022-06-29","10849.39","bloqueado"
"0000000000000155","335","2021-06-14","10227.28","cancelado"
"0000000000000156","877","2020-10-13","9420.7","ativo"
"0000000000000157","188","2023-12-22","5974.96","bloqueado"
"0000000000000158","188","2024-08-30","8876.59","bloqueado"
"0000000000000159","870","2021-12-02","6438.81","bloqueado"
"0000000000000160","635","2022-12-13","5378.04","cancelado"
"0000000000000161","635","2023-07-08","9970.67","ativo"
"0000000000000162","635","2022-04-30","6174.8","cancelado"
"0000000000000163","927","2020-10-30","13230.12","cancelado"
"0000000000000164","927","2024-11-16","2647.74","cancelado"
"0000000000000165","927","2023-12-25","8654.67","ativo"
"0000000000000166","227","2021-12-28","12663.29","ativo"
"0000000000000167","227","2023-03-25","6694.33","ativo"
"0000000000000168","288","2025-04-26","9883.4","cancelado"
"0000000000000169","61","2023-01-03","10166.77","cancelado"
"0000000000000170","275","2022-08-01","2790.28","bloqueado"
"0000000000000171","252","2022-04-06","10655.25","cancelado"
"0000000000000172","252","2024-10-13","11821.88","bloqueado"
"0000000000000173","252","2024-11-21","2072.51","cancelado"
"0000000000000174","16","2024-04-29","896.98","bloqueado"
"0000000000000175","16","2024-05-06","4206.92","ativo"
"0000000000000176","16","2022-01-02","2690.44","ativo"
"0000000000000177","899","2024-10-16","6960.28","bloqueado"
"0000000000000178","899","2021-02-25","11385.2","cancelado"
"0000000000000179","556","2023-08-26","8371.7","bloqueado"
"0000000000000180","556","2021-07-19","10920.17","cancelado"
"0000000000000181","556","2021-03-19","2198.47","bloqueado"
"0000000000000182","339","2023-05-25","4086.31","cancelado"
"0000000000000183","374","2024-09-13","4026.42","cancelado"
"0000000000000184","374","2023-02-08","1758.55","cancelado"
"0000000000000185","374","2021-11-06","6455.99","bloqueado"
"0000000000000186","5","2022-08-24","12463.52","bloqueado"
"0000000000000187","5","2025-01-21","2245.76","ativo"
"0000000000000188","739","2024-11-06","6092.84","cancelado"
"0000000000000189","933","2022-06-27","12739.66","cancelado"
"0000000000000190","933","2024-03-09","10676.43","bloqueado"
"0000000000000191","933","2024-10-25","3299.54","ativo"
"0000000000000192","752","2020-10-03","4619.47","bloqueado"
"0000000000000193","285","2023-04-07","5331.69","ativo"
"0000000000000194","285","2021-12-29","9802.54","cancelado"
"0000000000000195","285","2023-07-11","5620.09","bloqueado"
"0000000000000196","391","2023-04-16","553.65","cancelado"
"0000000000000197","853","2024-04-17","833.52","cancelado"
"0000000000000198","853","2021-09-06","3404.0","ativo"
"0000000000000199","853","2021-09-30","2523.01","cancelado"
"0000000000000200","680","2025-02-24","1238.17","bloqueado"
"0000000000000201","680","2023-01-16","10884.27","ativo"
"0000000000000202","680","2023-07-19","14325.3","ativo"
"0000000000000203","260","2023-10-27","12218.82","ativo"
"0000000000000204","260","2021-09-26","10027.09","ativo"
"0000000000000205","22","2023-10-16","4817.43","cancelado"
"0000000000000206","22","2025-06-15","12250.46","cancelado"
"0000000000000207","22","2024-09-03","6581.33","cancelado"
"0000000000000208","524","2021-03-08","8118.4","bloqueado"
"0000000000000209","524","2020-10-18","9536.18","ativo"
"0000000000000210","524","2024-06-13","3983.04","ativo"
"0000000000000211","85","2023-10-17","1855.93","bloqueado"
"0000000000000212","515","2024-03-11","9910.33","bloqueado"
"0000000000000213","515","2022-09-27","12176.71","cancelado"
"0000000000000214","506","2022-06-05","12608.6","bloqueado"
"0000000000000215","506","2023-06-03","1500.32","cancelado"
"0000000000000216","506","2022-08-19","10439.67","cancelado"
"0000000000000217","582","2023-04-22","3803.21","cancelado"
"0000000000000218","582","2024-09-11","12114.35","cancelado"
"0000000000000219","703","2023-01-12","13276.34","ativo"
"0000000000000220","269","2025-05-14","6437.75","cancelado"
"0000000000000221","516","2023-07-18","10835.19","ativo"
"0000000000000222","516","2025-07-22","4494.55","ativo"
"0000000000000223","516","2023-06-18","11447.43","cancelado"
"0000000000000224","701","2022-04-19","9302.29","ativo"
"0000000000000225","484","2021-09-22","13690.33","ativo"
"0000000000000226","484","2023-05-20","13798.08","bloqueado"
"0000000000000227","484","2025-07-06","5313.75","cancelado"
"0000000000000228","79","2022-08-05","2961.77","cancelado"
"0000000000000229","314","2022-08-30","1674.71","ativo"
"0000000000000230","314","2022-10-06","6323.71","bloqueado"
"0000000000000231","314","2024-10-19","8492.38","cancelado"
"0000000000000232","633","2025-06-09","6452.54","bloqueado"
"0000000000000233","770","2024-08-22","13957.02","ativo"
"0000000000000234","25","2020-10-23","4727.95","ativo"
"0000000000000235","25","2023-04-24","14332.97","ativo"
"0000000000000236","726","2024-12-28","14882.93","bloqueado"
"0000000000000237","726","2021-06-16","4323.35","ativo"
"0000000000000238","14","2023-11-30","13885.26","bloqueado"
"0000000000000239","14","2021-11-27","8624.59","ativo"
"0000000000000240","14","2023-05-20","1030.42","ativo"
"0000000000000241","344","2021-05-03","6166.73","cancelado"
"0000000000000242","344","2025-02-23","3508.77","bloqueado"
"0000000000000243","344","2024-10-27","6995.56","ativo"
"0000000000000244","60","2024-07-31","3213.93","ativo"
"0000000000000245","60","2022-11-28","13390.05","bloqueado"
"0000000000000246","491","2021-03-19","6806.4","cancelado"
"0000000000000247","491","2024-06-20","4445.79","bloqueado"
"0000000000000248","786","2023-12-17","7244.74","cancelado"
"0000000000000249","786","2022-04-16","9110.1","cancelado"
"0000000000000250","786","2022-12-30","4216.74","ativo"
"0000000000000251","489","2021-11-11","14657.81","bloqueado"
"0000000000000252","489","2023-09-28","14878.41","cancelado"
"0000000000000253","489","2021-02-23","4452.57","bloqueado"
"0000000000000254","27","2024-09-03","9924.09","bloqueado"
"0000000000000255","21","2022-09-29","8350.25","ativo"
"0000000000000256","21","2022-07-18","4909.83","bloqueado"
"0000000000000257","21","2020-09-02","11367.98","bloqueado"
"0000000000000258","573","2023-06-06","5474.06","bloqueado"
"0000000000000259","39","2023-09-04","11110.34","cancelado"
"0000000000000260","39","2024-10-01","10726.22","bloqueado"
"0000000000000261","39","2025-06-04","4008.61","bloqueado"
"0000000000000262","274","2021-11-20","10492.72","bloqueado"
"0000000000000263","274","2022-12-19","3913.48","cancelado"
"0000000000000264","274","2023-05-15","12194.41","ativo"
"0000000000000265","228","2024-10-07","13022.27","ativo"
"0000000000000266","228","2023-04-27","12533.39","ativo"
"0000000000000267","390","2025-03-17","7964.49","ativo"
"0000000000000268","390","2022-05-07","8043.17","ativo"
"0000000000000269","584","2022-03-31","8758.61","ativo"
"0000000000000270","584","2021-09-01","12507.03","bloqueado"
"0000000000000271","584","2023-02-28","6096.47","cancelado"
"0000000000000272","266","2021-02-28","12392.24","ativo"
"0000000000000273","362","2022-04-21","8624.73","ativo"
"0000000000000274","362","2025-02-05","12788.21","cancelado"
"0000000000000275","868","2024-12-07","14957.17","ativo"
"0000000000000276","868","2023-01-18","9641.81","bloqueado"
"0000000000000277","856","2022-10-04","2848.44","ativo"
"0000000000000278","856","2023-11-05","5950.97","cancelado"
"0000000000000279","611","2024-03-30","8073.65","bloqueado"
"0000000000000280","611","2020-09-26","8616.16","bloqueado"
"0000000000000281","999","2023-03-08","5269.93","bloqueado"
"0000000000000282","999","2022-11-12","896.6","ativo"
"0000000000000283","595","2022-05-20","6233.1","cancelado"
"0000000000000284","595","2021-11-14","12045.72","ativo"
"0000000000000285","595","2023-03-01","13396.18","ativo"
"0000000000000286","442","2020-11-10","14655.8","cancelado"
"0000000000000287","10","2020-11-21","4612.92","cancelado"
"0000000000000288","10","2024-03-25","1976.36","cancelado"
"0000000000000289","891","2021-04-25","12673.8","bloqueado"
"0000000000000290","891","2023-10-13","11770.74","ativo"
"0000000000000291","590","2024-08-07","8551.15","bloqueado"
"0000000000000292","590","2021-11-25","8009.04","bloqueado"
"0000000000000293","278","2024-06-11","6218.9","bloqueado"
"0000000000000294","278","2023-11-23","8653.2","cancelado"
"0000000000000295","278","2025-05-15","3772.06","ativo"
"0000000000000296","416","2021-12-24","5349.33","ativo"
"0000000000000297","416","2024-06-03","10720.15","bloqueado"
"0000000000000298","88","2023-04-26","11554.41","ativo"
"0000000000000299","797","2021-07-24","4710.75","ativo"
"0000000000000300","427","2022-12-21","10810.82","bloqueado"
"0000000000000301","200","2024-07-10","11621.34","bloqueado"
"0000000000000302","200","2022-12-29","2053.25","cancelado"
"0000000000000303","200","2022-04-30","14910.55","ativo"
"0000000000000304","388","2024-07-02","9436.72","bloqueado"
"0000000000000305","203","2023-01-25","1863.42","bloqueado"
"0000000000000306","837","2022-01-12","10870.87","cancelado"
"0000000000000307","974","2025-08-20","8824.42","bloqueado"
"0000000000000308","974","2021-09-27","14947.76","ativo"
"0000000000000309","974","2023-05-23","10310.0","bloqueado"
"0000000000000310","789","2020-10-15","12043.11","cancelado"
"0000000000000311","789","2021-09-12","11050.58","cancelado"
"0000000000000312","247","2021-02-02","11967.65","ativo"
"0000000000000313","247","2023-06-04","8658.95","ativo"
"0000000000000314","247","2025-05-06","11289.47","ativo"
"0000000000000315","950","2024-09-14","9989.2","ativo"
"0000000000000316","532","2023-10-13","9431.63","cancelado"
"0000000000000317","532","2021-11-07","4795.44","ativo"
"0000000000000318","368","2023-04-30","13470.81","bloqueado"
"0000000000000319","592","2023-11-02","1872.96","cancelado"
"0000000000000320","592","2025-04-29","4625.81","bloqueado"
"0000000000000321","535","2020-11-11","14165.28","ativo"
"0000000000000322","535","2024-05-04","11316.57","bloqueado"
"0000000000000323","535","2023-05-27","4426.85","bloqueado"
"0000000000000324","865","2024-01-04","5916.12","bloqueado"
"0000000000000325","705","2022-02-28","1954.72","bloqueado"
"0000000000000326","705","2023-06-04","14907.61","cancelado"
"0000000000000327","305","2020-12-09","10104.25","bloqueado"
"0000000000000328","737","2023-01-19","8291.29","cancelado"
"0000000000000329","323","2023-05-27","11636.05","ativo"
"0000000000000330","323","2025-06-16","2016.47","bloqueado"
"0000000000000331","965","2025-06-25","14183.08","ativo"
"0000000000000332","965","2020-12-24","4487.99","ativo"
"0000000000000333","965","2024-12-30","9581.48","cancelado"
"0000000000000334","206","2021-02-13","3171.82","ativo"
"0000000000000335","206","2021-10-07","7973.18","bloqueado"
"0000000000000336","443","2024-11-14","7240.27","ativo"
"0000000000000337","443","2021-03-10","9658.17","bloqueado"
"0000000000000338","443","2021-03-22","12978.7","cancelado"
"0000000000000339","139","2021-11-01","9001.83","bloqueado"
"0000000000000340","139","2021-12-07","1963.81","ativo"
"0000000000000341","162","2021-07-07","7890.44","cancelado"
"0000000000000342","296","2025-02-03","539.94","bloqueado"
"0000000000000343","296","2022-01-13","14190.52","ativo"
"0000000000000344","296","2022-08-24","8559.17","bloqueado"
"0000000000000345","914","2021-06-05","12592.06","bloqueado"
"0000000000000346","695","2023-09-17","5425.24","cancelado"
"0000000000000347","695","2023-09-07","13989.18","cancelado"
"0000000000000348","698","2023-07-10","2203.23","ativo"
"0000000000000349","698","2021-05-03","1644.92","bloqueado"
"0000000000000350","749","2024-02-27","5178.47","cancelado"
"0000000000000351","749","2023-07-27","8380.36","cancelado"
"0000000000000352","749","2021-03-28","14692.26","cancelado"
"0000000000000353","715","2024-11-01","7291.85","ativo"
"0000000000000354","715","2024-01-20","13842.56","cancelado"
"0000000000000355","371","2025-04-13","12963.38","ativo"
"0000000000000356","42","2021-03-05","14265.11","bloqueado"
"0000000000000357","42","2025-02-09","7966.37","ativo"
"0000000000000358","42","2024-03-09","1580.53","ativo"
"0000000000000359","721","2024-01-06","13568.92","cancelado"
"0000000000000360","721","2021-12-18","9109.96","cancelado"
"0000000000000361","721","2025-04-22","14589.42","cancelado"
"0000000000000362","665","2021-05-28","2297.22","ativo"
"0000000000000363","665","2022-05-29","5914.96","bloqueado"
"0000000000000364","665","2024-06-17","9655.19","ativo"
"0000000000000365","118","2021-12-31","6574.79","cancelado"
"0000000000000366","118","2021-08-17","12250.32","cancelado"
"0000000000000367","118","2022-11-12","6940.03","ativo"
"0000000000000368","156","2022-07-31","8034.47","bloqueado"
"0000000000000369","105","2022-09-06","11571.17","bloqueado"
"0000000000000370","105","2021-02-15","6040.63","bloqueado"
"0000000000000371","105","2025-05-22","9693.83","ativo"
"0000000000000372","481","2020-11-07","4710.48","ativo"
"0000000000000373","481","2021-02-03","6331.61","bloqueado"
"0000000000000374","890","2022-07-25","4563.29","cancelado"
"0000000000000375","890","2024-09-19","3236.31","ativo"
"0000000000000376","890","2021-01-02","2462.7","ativo"
"0000000000000377","125","2021-01-02","3628.64","bloqueado"
"0000000000000378","125","2022-07-05","2630.0","ativo"
"0000000000000379","125","2022-08-16","5885.02","cancelado"
"0000000000000380","36","2021-12-11","4116.35","bloqueado"
"0000000000000381","36","2021-10-25","7204.84","cancelado"
"0000000000000382","36","2024-11-26","4813.13","ativo"
"0000000000000383","621","2023-05-13","5158.79","ativo"
"0000000000000384","621","2023-05-24","7282.72","bloqueado"
"0000000000000385","412","2023-12-10","7121.85","cancelado"
"0000000000000386","412","2024-01-05","9159.31","ativo"
"0000000000000387","282","2020-10-22","10444.61","ativo"
"0000000000000388","282","2024-12-26","14622.39","cancelado"
"0000000000000389","381","2023-02-09","5453.54","bloqueado"
"0000000000000390","381","2024-10-31","10155.45","ativo"
"0000000000000391","955","2020-11-05","11158.82","ativo"
"0000000000000392","955","2024-03-05","5143.92","bloqueado"
"0000000000000393","830","2025-04-28","2797.66","cancelado"
"0000000000000394","830","2021-03-23","12538.9","bloqueado"
"0000000000000395","830","2020-12-26","14736.32","cancelado"
"0000000000000396","293","2022-05-07","14614.25","cancelado"
"0000000000000397","293","2020-12-13","5926.87","bloqueado"
"0000000000000398","293","2022-06-03","1617.74","bloqueado"
"0000000000000399","348","2022-08-07","9050.03","ativo"
"0000000000000400","348","2025-08-08","12098.59","ativo"
"0000000000000401","348","2024-10-28","10952.42","cancelado"
"0000000000000402","620","2020-09-15","3950.41","ativo"
"0000000000000403","620","2023-08-14","3795.68","bloqueado"
"0000000000000404","475","2021-05-01","8513.65","ativo"
"0000000000000405","475","2025-08-04","5825.27","ativo"
"0000000000000406","844","2023-10-11","9235.23","cancelado"
"0000000000000407","425","2024-12-22","10720.14","cancelado"
"0000000000000408","425","2022-01-16","13186.2","cancelado"
"0000000000000409","425","2024-01-09","12929.18","ativo"
"0000000000000410","413","2022-06-16","13206.13","cancelado"
"0000000000000411","413","2021-12-10","8504.35","bloqueado"
"0000000000000412","345","2025-03-17","11568.22","ativo"
"0000000000000413","345","2020-09-15","14321.57","bloqueado"
"0000000000000414","345","2023-01-15","628.05","bloqueado"
"0000000000000415","991","2022-11-27","2107.03","bloqueado"
"0000000000000416","991","2025-05-18","9681.28","cancelado"
"0000000000000417","47","2023-10-30","2070.46","ativo"
"0000000000000418","47","2024-12-28","3246.05","cancelado"
"0000000000000419","437","2023-12-13","14710.43","bloqueado"
"0000000000000420","303","2022-01-02","8254.61","bloqueado"
"0000000000000421","303","2022-05-12","12522.16","cancelado"
"0000000000000422","670","2022-10-29","13863.38","cancelado"
"0000000000000423","670","2023-06-29","11602.27","ativo"
"0000000000000424","670","2022-04-24","9814.17","bloqueado"
"0000000000000425","951","2023-06-06","12545.88","ativo"
"0000000000000426","951","2022-11-10","11000.93","cancelado"
"0000000000000427","951","2023-12-26","3690.94","cancelado"
"0000000000000428","100","2021-08-29","9115.08","bloqueado"
"0000000000000429","918","2023-01-27","4043.67","ativo"
"0000000000000430","3","2024-06-27","3539.62","bloqueado"
"0000000000000431","237","2020-11-21","10981.39","bloqueado"
"0000000000000432","237","2024-06-08","4312.26","bloqueado"
"0000000000000433","881","2024-12-31","5327.96","ativo"
"0000000000000434","881","2024-02-05","8169.57","ativo"
"0000000000000435","881","2022-05-21","7411.46","cancelado"
"0000000000000436","214","2022-03-21","8525.52","bloqueado"
"0000000000000437","426","2021-08-09","14842.5","bloqueado"
"0000000000000438","426","2020-12-31","8752.26","bloqueado"
"0000000000000439","629","2023-12-10","7537.01","bloqueado"
"0000000000000440","629","2021-07-21","516.81","cancelado"
"0000000000000441","488","2022-05-24","2078.27","ativo"
"0000000000000442","54","2022-05-07","9408.53","ativo"
"0000000000000443","54","2025-06-30","14163.27","cancelado"
"0000000000000444","402","2023-03-09","2945.58","bloqueado"
"0000000000000445","402","2022-06-20","7152.51","cancelado"
"0000000000000446","402","2023-03-24","14411.07","bloqueado"
"0000000000000447","548","2023-09-19","8570.87","bloqueado"
"0000000000000448","548","2024-08-03","8443.63","bloqueado"
"0000000000000449","814","2021-02-08","1119.7","bloqueado"
"0000000000000450","814","2022-08-07","6449.98","cancelado"
"0000000000000451","676","2025-06-20","6287.45","ativo"
"0000000000000452","676","2022-10-16","1582.85","bloqueado"
"0000000000000453","676","2022-06-28","6706.23","cancelado"
"0000000000000454","688","2024-12-28","2803.0","ativo"
"0000000000000455","688","2020-11-05","881.01","bloqueado"
"0000000000000456","688","2023-04-13","4078.45","ativo"
"0000000000000457","430","2020-10-01","7498.97","cancelado"
"0000000000000458","430","2022-06-27","4616.25","cancelado"
"0000000000000459","110","2022-03-09","716.69","bloqueado"
"0000000000000460","290","2023-06-27","6534.91","bloqueado"
"0000000000000461","398","2022-05-27","12137.44","cancelado"
"0000000000000462","398","2024-11-23","10148.44","cancelado"
"0000000000000463","398","2023-12-14","11860.88","ativo"
"0000000000000464","74","2023-06-07","10547.01","bloqueado"
"0000000000000465","74","2024-07-16","3575.33","ativo"
"0000000000000466","74","2023-12-21","12712.38","cancelado"
"0000000000000467","707","2022-01-19","1623.56","ativo"
"0000000000000468","707","2024-10-29","4172.85","cancelado"
"0000000000000469","435","2024-09-23","4672.23","ativo"
"0000000000000470","435","2025-06-01","2967.17","bloqueado"
"0000000000000471","435","2023-01-27","5063.74","ativo"
"0000000000000472","470","2022-10-05","3337.15","bloqueado"
"0000000000000473","470","2021-04-22","9422.45","ativo"
"0000000000000474","470","2021-07-23","3824.26","bloqueado"
"0000000000000475","793","2020-08-24","1709.62","ativo"
"0000000000000476","793","2020-11-28","2376.21","bloqueado"
"0000000000000477","820","2021-01-26","13289.5","ativo"
"0000000000000478","820","2020-09-27","4426.45","ativo"
"0000000000000479","820","2022-12-24","10617.71","ativo"
"0000000000000480","184","2020-08-24","4700.13","ativo"
"0000000000000481","184","2023-03-24","5776.44","bloqueado"
"0000000000000482","184","2024-06-06","8880.15","ativo"
"0000000000000483","498","2023-11-22","7059.83","ativo"
"0000000000000484","498","2025-06-24","13647.45","cancelado"
"0000000000000485","498","2022-01-01","9939.49","cancelado"
"0000000000000486","334","2021-06-22","4849.46","cancelado"
"0000000000000487","334","2021-02-06","7600.94","bloqueado"
"0000000000000488","334","2023-10-11","7739.25","cancelado"
"0000000000000489","634","2022-06-23","3915.22","cancelado"
"0000000000000490","634","2022-04-08","10660.8","cancelado"
"0000000000000491","634","2024-03-30","10266.48","ativo"
"0000000000000492","155","2023-10-26","6756.75","bloqueado"
"0000000000000493","155","2021-04-17","10320.31","bloqueado"
"0000000000000494","155","2023-01-10","11881.73","bloqueado"
"0000000000000495","48","2024-03-13","12964.63","cancelado"
"0000000000000496","411","2020-11-01","6048.67","bloqueado"
"0000000000000497","411","2023-03-06","14374.82","cancelado"
"0000000000000498","411","2020-12-10","2957.46","cancelado"
"0000000000000499","239","2021-09-01","9135.09","bloqueado"
"0000000000000500","239","2023-03-20","7916.01","cancelado"
"0000000000000501","337","2021-11-07","540.3","cancelado"
"0000000000000502","337","2022-11-18","2600.0","bloqueado"
"0000000000000503","849","2024-07-13","8731.72","bloqueado"
"0000000000000504","849","2022-05-21","10950.45","ativo"
"0000000000000505","849","2021-09-01","4232.08","bloqueado"
"0000000000000506","299","2020-11-26","12721.64","bloqueado"
"0000000000000507","299","2024-09-12","12624.03","cancelado"
"0000000000000508","299","2022-02-17","1973.97","cancelado"
"0000000000000509","917","2020-10-07","14966.84","ativo"
"0000000000000510","917","2021-08-08","10438.86","bloqueado"
"0000000000000511","456","2021-05-18","9988.21","ativo"
"0000000000000512","137","2022-08-23","9628.01","ativo"
"0000000000000513","137","2024-07-08","2173.11","ativo"
"0000000000000514","743","2025-07-30","13625.19","cancelado"
"0000000000000515","743","2025-05-21","13859.65","bloqueado"
"0000000000000516","743","2022-12-20","2789.57","bloqueado"
"0000000000000517","32","2022-12-11","13165.34","bloqueado"
"0000000000000518","32","2020-11-02","4925.91","cancelado"
"0000000000000519","989","2025-06-08","12614.06","cancelado"
"0000000000000520","989","2024-09-22","13441.97","cancelado"
"0000000000000521","159","2021-03-08","14217.38","ativo"
"0000000000000522","159","2021-12-13","14155.0","bloqueado"
"0000000000000523","31","2022-06-24","7940.89","ativo"
"0000000000000524","31","2021-03-14","4751.0","ativo"
"0000000000000525","31","2024-01-11","6156.21","ativo"
"0000000000000526","355","2023-11-09","5378.4","ativo"
"0000000000000527","355","2020-11-24","6827.1","ativo"
"0000000000000528","107","2020-12-17","9781.82","ativo"
"0000000000000529","176","2024-11-16","14301.5","bloqueado"
"0000000000000530","176","2024-04-28","10069.81","cancelado"
"0000000000000531","176","2024-08-09","5124.8","ativo"
"0000000000000532","372","2024-02-26","9991.12","bloqueado"
"0000000000000533","372","2022-02-18","7495.16","cancelado"
"0000000000000534","372","2020-10-04","13246.06","ativo"
"0000000000000535","164","2025-07-20","6939.35","bloqueado"
"0000000000000536","164","2021-01-07","8579.17","cancelado"
"0000000000000537","164","2021-03-07","14421.73","bloqueado"
"0000000000000538","711","2023-01-13","11051.98","cancelado"
"0000000000000539","711","2023-01-15","4878.6","bloqueado"
"0000000000000540","711","2024-09-20","14258.23","bloqueado"
"0000000000000541","649","2022-05-15","14020.72","bloqueado"
"0000000000000542","649","2022-12-02","957.0","bloqueado"
"0000000000000543","197","2020-11-07","9387.75","bloqueado"
"0000000000000544","197","2022-12-16","5536.01","cancelado"
"0000000000000545","839","2022-03-31","2153.1","bloqueado"
"0000000000000546","839","2022-08-23","4451.83","bloqueado"
"0000000000000547","839","2024-06-15","3812.28","ativo"
"0000000000000548","559","2020-08-30","5720.7","bloqueado"
"0000000000000549","559","2021-01-08","14621.09","cancelado"
"0000000000000550","559","2025-06-08","13935.91","ativo"
"0000000000000551","309","2024-05-07","7974.77","cancelado"
"0000000000000552","871","2025-05-26","10582.66","bloqueado"
"0000000000000553","871","2024-10-19","2079.5","cancelado"
"0000000000000554","458","2022-08-13","5509.83","cancelado"
"0000000000000555","458","2021-01-17","2431.11","cancelado"
"0000000000000556","281","2023-01-31","12215.04","ativo"
"0000000000000557","281","2023-09-29","1737.34","ativo"
"0000000000000558","349","2021-05-25","9976.67","ativo"
"0000000000000559","349","2023-10-09","2450.69","bloqueado"
"0000000000000560","349","2024-07-11","13725.83","cancelado"
"0000000000000561","570","2024-08-30","9587.93","ativo"
"0000000000000562","570","2025-04-11","12151.99","cancelado"
"0000000000000563","233","2022-01-15","759.9","cancelado"
"0000000000000564","233","2023-10-27","2457.61","cancelado"
"0000000000000565","233","2023-10-21","6939.07","cancelado"
"0000000000000566","962","2025-05-01","13872.82","ativo"
"0000000000000567","962","2025-03-31","2342.61","ativo"
"0000000000000568","962","2021-11-19","11332.65","cancelado"
"0000000000000569","144","2023-05-17","5019.87","bloqueado"
"0000000000000570","144","2023-08-06","13851.76","cancelado"
"0000000000000571","144","2024-02-09","11390.28","bloqueado"
"0000000000000572","586","2022-02-15","3524.59","cancelado"
"0000000000000573","586","2025-07-31","12691.95","bloqueado"
"0000000000000574","586","2024-01-24","12266.31","cancelado"
"0000000000000575","78","2023-10-24","2082.04","cancelado"
"0000000000000576","78","2024-08-15","9310.15","ativo"
"0000000000000577","336","2023-08-08","3565.83","bloqueado"
"0000000000000578","336","2023-02-18","14279.54","bloqueado"
"0000000000000579","336","2021-11-25","3439.44","ativo"
"0000000000000580","306","2024-11-07","14182.76","bloqueado"
"0000000000000581","306","2025-04-04","2040.63","bloqueado"
"0000000000000582","306","2024-02-12","10466.89","bloqueado"
"0000000000000583","961","2023-09-17","3166.58","bloqueado"
"0000000000000584","961","2024-04-26","13381.12","ativo"
"0000000000000585","116","2021-05-19","3583.74","cancelado"
"0000000000000586","116","2022-10-19","572.6","ativo"
"0000000000000587","496","2021-10-25","2619.99","ativo"
"0000000000000588","496","2023-06-23","823.85","cancelado"
"0000000000000589","496","2023-09-12","9176.32","bloqueado"
"0000000000000590","710","2024-08-12","1590.61","cancelado"
"0000000000000591","710","2024-06-24","10703.16","ativo"
"0000000000000592","710","2025-03-26","2960.28","cancelado"
"0000000000000593","284","2022-01-16","8281.45","cancelado"
"0000000000000594","640","2021-01-03","1557.5","bloqueado"
"0000000000000595","640","2023-07-27","3115.11","cancelado"
"0000000000000596","640","2024-12-14","3097.05","ativo"
"0000000000000597","438","2021-11-17","6835.41","cancelado"
"0000000000000598","648","2023-07-21","3055.33","ativo"
"0000000000000599","367","2025-03-29","11303.74","ativo"
"0000000000000600","367","2022-01-01","5794.57","cancelado"
"0000000000000601","367","2025-07-11","3650.94","cancelado"
"0000000000000602","693","2021-10-31","12472.43","bloqueado"
"0000000000000603","693","2022-05-25","4729.61","ativo"
"0000000000000604","693","2024-01-07","8434.36","bloqueado"
"0000000000000605","143","2021-05-04","12764.0","cancelado"
"0000000000000606","242","2024-03-17","5298.05","bloqueado"
"0000000000000607","242","2021-08-06","3399.41","ativo"
"0000000000000608","242","2024-11-28","5934.71","bloqueado"
"0000000000000609","593","2025-04-10","14597.0","ativo"
"0000000000000610","593","2021-01-01","10850.19","bloqueado"
"0000000000000611","916","2025-01-24","4585.94","ativo"
"0000000000000612","916","2021-07-12","2592.16","cancelado"
"0000000000000613","916","2025-07-16","3859.15","cancelado"
"0000000000000614","311","2020-09-05","14359.67","bloqueado"
"0000000000000615","311","2022-10-24","4705.92","ativo"
"0000000000000616","311","2025-04-30","14675.35","bloqueado"
"0000000000000617","459","2022-01-17","12351.76","cancelado"
"0000000000000618","542","2022-07-29","6375.14","ativo"
"0000000000000619","542","2023-06-30","11188.95","bloqueado"
"0000000000000620","542","2024-10-21","5701.39","bloqueado"
"0000000000000621","393","2021-08-22","2869.11","bloqueado"
"0000000000000622","198","2023-06-01","3253.66","cancelado"
"0000000000000623","848","2023-10-27","6199.96","bloqueado"
"0000000000000624","212","2025-04-23","6157.23","cancelado"
"0000000000000625","212","2024-01-03","12906.33","ativo"
"0000000000000626","212","2025-02-04","1888.46","cancelado"
"0000000000000627","946","2023-12-27","12698.32","ativo"
"0000000000000628","946","2022-07-05","7031.04","ativo"
"0000000000000629","788","2025-07-21","13150.86","ativo"
"0000000000000630","788","2023-08-19","8613.44","cancelado"
"0000000000000631","788","2024-02-12","1560.41","ativo"
"0000000000000632","987","2021-07-20","9976.32","cancelado"
"0000000000000633","145","2022-07-26","1857.67","ativo"
"0000000000000634","145","2024-07-03","12379.79","ativo"
"0000000000000635","471","2021-12-20","3955.39","cancelado"
"0000000000000636","471","2022-04-01","13976.46","ativo"
"0000000000000637","26","2020-08-25","10084.28","bloqueado"
"0000000000000638","26","2024-12-08","14164.74","ativo"
"0000000000000639","96","2021-07-24","11125.97","bloqueado"
"0000000000000640","96","2024-11-09","8113.95","cancelado"
"0000000000000641","697","2021-11-15","14169.73","cancelado"
"0000000000000642","525","2021-04-05","13901.01","bloqueado"
"0000000000000643","525","2023-04-03","11792.26","ativo"
"0000000000000644","377","2022-09-14","4354.96","cancelado"
"0000000000000645","377","2024-02-06","4276.49","ativo"
"0000000000000646","377","2023-03-22","13021.59","cancelado"
"0000000000000647","644","2022-06-05","6544.52","bloqueado"
"0000000000000648","644","2025-04-03","5360.69","bloqueado"
"0000000000000649","644","2021-06-20","8288.41","bloqueado"
"0000000000000650","351","2022-04-09","13418.52","ativo"
"0000000000000651","351","2020-11-05","9914.74","ativo"
"0000000000000652","115","2020-10-13","4133.03","cancelado"
"0000000000000653","855","2020-11-28","7692.62","bloqueado"
"0000000000000654","940","2023-02-28","4444.24","bloqueado"
"0000000000000655","452","2021-09-04","4456.44","bloqueado"
"0000000000000656","452","2022-05-29","13443.09","ativo"
"0000000000000657","452","2022-03-23","1485.95","cancelado"
"0000000000000658","600","2021-04-02","3608.31","bloqueado"
"0000000000000659","326","2021-03-20","14603.31","ativo"
"0000000000000660","326","2022-10-20","11240.22","cancelado"
"0000000000000661","326","2024-06-30","10897.4","cancelado"
"0000000000000662","45","2021-08-28","14280.18","ativo"
"0000000000000663","462","2024-03-26","8144.43","bloqueado"
"0000000000000664","462","2023-09-08","11629.95","ativo"
"0000000000000665","450","2024-01-28","9032.21","bloqueado"
"0000000000000666","450","2020-09-25","8467.78","ativo"
"0000000000000667","450","2023-03-14","10419.32","cancelado"
"0000000000000668","936","2023-07-26","14095.45","cancelado"
"0000000000000669","936","2023-12-11","10392.61","ativo"
"0000000000000670","936","2023-11-01","8536.95","bloqueado"
"0000000000000671","924","2022-06-02","9671.77","bloqueado"
"0000000000000672","510","2023-03-25","10602.3","cancelado"
"0000000000000673","700","2024-04-16","1120.68","ativo"
"0000000000000674","700","2024-09-18","7029.48","ativo"
"0000000000000675","700","2021-01-01","2374.55","bloqueado"
"0000000000000676","967","2024-10-28","13639.78","bloqueado"
"0000000000000677","819","2020-11-29","13298.09","bloqueado"
"0000000000000678","819","2024-11-24","12381.07","ativo"
"0000000000000679","819","2023-05-14","7381.65","bloqueado"
"0000000000000680","280","2023-08-21","2970.99","ativo"
"0000000000000681","262","2020-11-28","14056.35","ativo"
"0000000000000682","262","2022-10-27","1035.85","bloqueado"
"0000000000000683","270","2024-09-03","5200.58","cancelado"
"0000000000000684","333","2023-11-29","8861.78","ativo"
"0000000000000685","333","2025-03-25","4421.37","ativo"
"0000000000000686","333","2021-06-24","10610.59","bloqueado"
"0000000000000687","887","2024-03-29","4486.56","bloqueado"
"0000000000000688","887","2025-08-22","13684.21","cancelado"
"0000000000000689","887","2023-08-19","14128.29","bloqueado"
"0000000000000690","841","2024-10-25","6694.44","cancelado"
"0000000000000691","841","2020-11-16","8711.3","bloqueado"
"0000000000000692","841","2023-11-17","14212.94","cancelado"
"0000000000000693","755","2020-12-22","9478.14","cancelado"
"0000000000000694","994","2024-10-16","9716.22","bloqueado"
"0000000000000695","994","2021-05-20","5907.6","ativo"
"0000000000000696","172","2024-09-07","2374.05","bloqueado"
"0000000000000697","172","2022-10-16","9703.41","ativo"
"0000000000000698","172","2025-04-09","8205.1","cancelado"
"0000000000000699","959","2021-06-05","933.97","cancelado"
"0000000000000700","436","2021-05-08","14515.03","cancelado"
"0000000000000701","436","2022-09-25","6425.89","cancelado"
"0000000000000702","436","2021-06-12","3243.06","cancelado"
"0000000000000703","645","2024-07-06","7691.55","bloqueado"
"0000000000000704","645","2023-11-17","1924.53","cancelado"
"0000000000000705","645","2023-07-08","11981.75","bloqueado"
"0000000000000706","561","2022-09-12","1061.65","ativo"
"0000000000000707","561","2024-08-21","5017.34","cancelado"
"0000000000000708","845","2020-12-08","10313.6","bloqueado"
"0000000000000709","543","2023-05-24","12234.81","cancelado"
"0000000000000710","543","2023-04-13","3176.24","ativo"
"0000000000000711","330","2025-05-06","12328.86","ativo"
"0000000000000712","330","2024-06-25","14497.46","cancelado"
"0000000000000713","330","2022-06-27","5635.26","bloqueado"
"0000000000000714","872","2024-02-20","4717.43","cancelado"
"0000000000000715","547","2021-06-15","13158.5","ativo"
"0000000000000716","971","2020-09-24","5848.69","ativo"
"0000000000000717","971","2021-09-26","7067.03","ativo"
"0000000000000718","813","2020-11-19","13129.79","ativo"
"0000000000000719","813","2024-12-14","4151.51","ativo"
"0000000000000720","204","2024-06-04","14373.63","ativo"
"0000000000000721","204","2021-03-26","12813.11","bloqueado"
"0000000000000722","204","2024-11-30","2080.48","cancelado"
"0000000000000723","261","2022-03-10","12287.82","cancelado"
"0000000000000724","261","2024-08-02","9722.02","ativo"
"0000000000000725","261","2022-12-25","11631.04","ativo"
"0000000000000726","575","2025-06-14","10598.99","cancelado"
"0000000000000727","29","2023-12-13","10386.48","cancelado"
"0000000000000728","29","2025-03-15","12851.92","bloqueado"
"0000000000000729","29","2021-01-22","7663.55","cancelado"
"0000000000000730","127","2022-10-19","4296.75","cancelado"
"0000000000000731","127","2025-08-17","8195.57","cancelado"
"0000000000000732","127","2021-08-24","6532.88","bloqueado"
"0000000000000733","493","2025-01-15","1827.08","cancelado"
"0000000000000734","493","2024-10-27","1704.15","cancelado"
"0000000000000735","493","2022-02-15","5258.75","bloqueado"
"0000000000000736","978","2024-06-27","11466.26","cancelado"
"0000000000000737","978","2023-02-21","6574.74","ativo"
"0000000000000738","397","2022-01-11","8419.28","ativo"
"0000000000000739","51","2020-12-25","14662.46","cancelado"
"0000000000000740","51","2023-02-11","13592.9","ativo"
"0000000000000741","51","2023-06-19","14208.44","cancelado"
"0000000000000742","182","2024-04-10","1157.31","ativo"
"0000000000000743","182","2021-07-30","5541.23","cancelado"
"0000000000000744","182","2021-12-17","11108.37","ativo"
"0000000000000745","192","2021-04-19","5652.41","ativo"
"0000000000000746","192","2022-05-04","9169.25","cancelado"
"0000000000000747","192","2024-09-29","2887.88","cancelado"
"0000000000000748","382","2024-10-12","11600.67","bloqueado"
"0000000000000749","382","2022-10-06","1388.25","ativo"
"0000000000000750","828","2020-09-10","8642.4","ativo"
"0000000000000751","628","2023-12-10","8026.9","bloqueado"
"0000000000000752","628","2022-02-23","2593.75","cancelado"
"0000000000000753","823","2023-11-07","7646.22","cancelado"
"0000000000000754","823","2021-01-07","9621.46","cancelado"
"0000000000000755","953","2023-03-21","11507.24","ativo"
"0000000000000756","953","2022-03-14","12881.39","ativo"
"0000000000000757","953","2022-07-19","7261.53","cancelado"
"0000000000000758","89","2023-07-16","14001.81","cancelado"
"0000000000000759","89","2025-08-11","10782.6","bloqueado"
"0000000000000760","89","2024-11-03","7322.39","cancelado"
"0000000000000761","613","2022-08-04","4088.92","cancelado"
"0000000000000762","613","2024-06-05","2310.61","bloqueado"
"0000000000000763","613","2021-08-19","8475.16","ativo"
"0000000000000764","728","2021-07-05","685.56","cancelado"
"0000000000000765","38","2022-01-16","3173.65","bloqueado"
"0000000000000766","38","2021-10-30","1715.21","bloqueado"
"0000000000000767","38","2021-10-08","5270.55","bloqueado"
"0000000000000768","767","2025-06-07","1669.96","cancelado"
"0000000000000769","919","2020-11-05","3433.59","bloqueado"
"0000000000000770","919","2024-05-16","11491.91","ativo"
"0000000000000771","919","2024-11-12","5132.85","bloqueado"
"0000000000000772","128","2023-10-07","6835.21","cancelado"
"0000000000000773","128","2024-04-20","3493.36","bloqueado"
"0000000000000774","455","2020-10-26","6822.59","bloqueado"
"0000000000000775","455","2025-02-10","14425.57","ativo"
"0000000000000776","455","2023-10-12","8883.38","bloqueado"
"0000000000000777","817","2025-04-08","6963.02","bloqueado"
"0000000000000778","94","2021-07-20","12470.48","cancelado"
"0000000000000779","94","2024-03-16","3043.07","ativo"
"0000000000000780","221","2024-09-03","7510.76","cancelado"
"0000000000000781","72","2020-12-06","6020.89","bloqueado"
"0000000000000782","72","2023-01-07","12122.88","bloqueado"
"0000000000000783","72","2024-05-10","8113.79","cancelado"
"0000000000000784","421","2025-05-21","11035.08","ativo"
"0000000000000785","421","2024-03-27","6889.19","cancelado"
"0000000000000786","731","2021-03-19","7119.3","ativo"
"0000000000000787","310","2021-03-14","6541.23","ativo"
"0000000000000788","310","2021-05-22","8818.74","ativo"
"0000000000000789","474","2022-11-18","5957.91","ativo"
"0000000000000790","474","2023-09-09","2299.98","ativo"
"0000000000000791","893","2024-09-06","10904.79","ativo"
"0000000000000792","893","2024-01-22","14957.74","cancelado"
"0000000000000793","893","2024-12-16","10045.58","cancelado"
"0000000000000794","759","2022-09-18","11002.11","cancelado"
"0000000000000795","71","2021-10-25","8021.86","cancelado"
"0000000000000796","90","2021-09-03","3210.13","bloqueado"
"0000000000000797","785","2020-11-06","9769.09","cancelado"
"0000000000000798","623","2022-01-09","9766.54","bloqueado"
"0000000000000799","655","2021-05-19","4643.75","cancelado"
"0000000000000800","655","2025-07-01","10931.98","ativo"
"0000000000000801","888","2022-03-27","1214.64","cancelado"
"0000000000000802","888","2022-04-26","5566.65","cancelado"
"0000000000000803","513","2024-06-09","3908.04","ativo"
"0000000000000804","513","2025-04-16","7076.59","ativo"
"0000000000000805","513","2023-10-27","14599.04","cancelado"
"0000000000000806","776","2025-05-21","9450.73","ativo"
"0000000000000807","776","2022-11-19","8777.66","ativo"
"0000000000000808","776","2024-09-16","14988.3","ativo"
"0000000000000809","668","2021-03-19","14599.08","cancelado"
"0000000000000810","668","2022-03-23","8077.13","bloqueado"
"0000000000000811","668","2025-08-06","8928.71","ativo"
"0000000000000812","808","2024-02-28","12035.75","bloqueado"
"0000000000000813","808","2021-08-18","2282.1","cancelado"
"0000000000000814","808","2025-05-28","9875.44","cancelado"
"0000000000000815","816","2020-12-25","10958.82","bloqueado"
"0000000000000816","816","2022-08-15","4771.95","cancelado"
"0000000000000817","816","2022-05-14","7222.28","cancelado"
"0000000000000818","216","2021-11-24","3282.32","bloqueado"
"0000000000000819","98","2023-03-15","9298.68","cancelado"
"0000000000000820","98","2021-10-11","7681.01","ativo"
"0000000000000821","363","2023-12-20","1836.83","bloqueado"
"0000000000000822","213","2020-09-27","10424.81","cancelado"
"0000000000000823","587","2023-10-23","3913.36","cancelado"
"0000000000000824","587","2021-02-26","812.08","bloqueado"
"0000000000000825","401","2024-12-26","1482.75","cancelado"
"0000000000000826","401","2020-09-30","13288.37","bloqueado"
"0000000000000827","401","2021-08-09","12533.01","cancelado"
"0000000000000828","298","2025-02-08","11866.57","cancelado"
"0000000000000829","298","2022-11-28","6626.93","ativo"
"0000000000000830","12","2025-08-17","13758.66","cancelado"
"0000000000000831","226","2025-02-27","14016.59","bloqueado"
"0000000000000832","226","2020-09-20","10865.74","ativo"
"0000000000000833","190","2023-03-24","10726.62","ativo"
"0000000000000834","190","2021-10-23","14647.34","ativo"
"0000000000000835","972","2023-05-13","9056.94","cancelado"
"0000000000000836","972","2022-09-20","4173.4","bloqueado"
"0000000000000837","807","2024-09-24","14221.23","ativo"
"0000000000000838","46","2022-06-18","14678.57","cancelado"
"0000000000000839","46","2022-04-02","9756.56","cancelado"
"0000000000000840","235","2024-09-07","8660.46","ativo"
"0000000000000841","654","2024-09-17","14408.33","cancelado"
"0000000000000842","984","2024-09-19","4538.16","ativo"
"0000000000000843","13","2022-06-20","3683.39","ativo"
"0000000000000844","13","2021-06-27","516.34","cancelado"
"0000000000000845","13","2022-02-10","4327.6","bloqueado"
"0000000000000846","619","2023-12-12","9669.25","cancelado"
"0000000000000847","804","2025-05-08","13536.2","bloqueado"
"0000000000000848","804","2025-04-02","10251.87","cancelado"
"0000000000000849","804","2021-04-01","5469.22","bloqueado"
"0000000000000850","560","2021-11-20","2838.57","cancelado"
"0000000000000851","560","2021-09-22","2947.96","cancelado"
"0000000000000852","824","2024-12-25","2480.2","bloqueado"
"0000000000000853","189","2021-11-18","1030.56","bloqueado"
"0000000000000854","794","2021-03-23","6441.17","bloqueado"
"0000000000000855","794","2024-09-16","2940.95","ativo"
"0000000000000856","794","2025-01-05","11629.51","ativo"
"0000000000000857","65","2021-04-06","14524.38","cancelado"
"0000000000000858","65","2025-06-17","3528.4","bloqueado"
"0000000000000859","764","2022-01-17","5118.97","ativo"
"0000000000000860","764","2022-09-30","10120.23","ativo"
"0000000000000861","332","2024-02-29","1583.38","bloqueado"
"0000000000000862","798","2023-09-21","5986.66","ativo"
"0000000000000863","798","2022-07-25","10852.19","ativo"
"0000000000000864","187","2022-11-17","9149.16","bloqueado"
"0000000000000865","187","2024-02-07","4885.16","ativo"
"0000000000000866","187","2021-02-25","5158.88","ativo"
"0000000000000867","263","2024-04-26","8102.25","ativo"
"0000000000000868","263","2021-01-04","909.12","bloqueado"
"0000000000000869","908","2023-05-16","8863.98","bloqueado"
"0000000000000870","908","2024-01-02","14801.59","cancelado"
"0000000000000871","328","2020-11-17","9980.64","bloqueado"
"0000000000000872","328","2022-04-14","2597.94","bloqueado"
"0000000000000873","328","2023-10-28","13471.44","ativo"
"0000000000000874","783","2023-12-21","8444.54","ativo"
"0000000000000875","783","2024-06-21","4064.67","cancelado"
"0000000000000876","911","2022-07-23","9552.95","cancelado"
"0000000000000877","911","2021-09-23","12806.28","bloqueado"
"0000000000000878","911","2024-09-21","2531.89","bloqueado"
"0000000000000879","147","2024-12-24","13171.14","cancelado"
"0000000000000880","147","2024-02-08","6868.41","cancelado"
"0000000000000881","147","2021-12-25","4198.04","cancelado"
"0000000000000882","342","2022-09-12","13459.11","ativo"
"0000000000000883","342","2025-01-29","7064.2","cancelado"
"0000000000000884","157","2023-02-03","3009.91","ativo"
"0000000000000885","157","2024-11-15","11756.77","ativo"
"0000000000000886","157","2021-04-14","10048.79","ativo"
"0000000000000887","379","2024-04-29","8461.51","cancelado"
"0000000000000888","719","2020-11-28","11829.5","ativo"
"0000000000000889","673","2024-03-12","5547.8","cancelado"
"0000000000000890","512","2021-03-18","2443.04","ativo"
"0000000000000891","512","2025-06-04","11176.76","ativo"
"0000000000000892","509","2021-05-14","13632.4","bloqueado"
"0000000000000893","650","2021-11-19","1099.32","cancelado"
"0000000000000894","256","2020-12-26","3986.05","ativo"
"0000000000000895","423","2023-10-16","3459.19","bloqueado"
"0000000000000896","432","2023-01-02","5947.61","cancelado"
"0000000000000897","432","2023-12-28","10356.8","bloqueado"
"0000000000000898","403","2023-01-13","4529.16","cancelado"
"0000000000000899","403","2024-08-06","9019.86","cancelado"
"0000000000000900","268","2023-07-20","4300.48","ativo"
"0000000000000901","664","2023-03-24","3919.1","cancelado"
"0000000000000902","664","2025-03-14","13216.4","cancelado"
"0000000000000903","664","2023-06-06","3523.86","ativo"
"0000000000000904","976","2023-04-08","4063.59","ativo"
"0000000000000905","976","2024-08-22","2555.05","cancelado"
"0000000000000906","976","2024-12-29","13975.12","cancelado"
"0000000000000907","169","2024-10-17","3485.24","ativo"
"0000000000000908","169","2023-12-06","7859.56","ativo"
"0000000000000909","169","2025-05-30","8953.15","cancelado"
"0000000000000910","324","2025-07-12","5034.83","cancelado"
"0000000000000911","477","2021-10-24","4616.51","ativo"
"0000000000000912","477","2024-08-21","10451.34","ativo"
"0000000000000913","477","2023-07-07","5132.95","ativo"
"0000000000000914","781","2021-06-02","2188.75","cancelado"
"0000000000000915","966","2024-10-23","12737.92","ativo"
"0000000000000916","966","2023-07-23","10416.67","ativo"
"0000000000000917","317","2025-03-06","5166.31","bloqueado"
"0000000000000918","317","2025-01-16","5106.72","bloqueado"
"0000000000000919","317","2021-03-07","13603.61","bloqueado"
"0000000000000920","867","2022-10-14","11413.69","cancelado"
"0000000000000921","805","2022-12-05","6260.48","bloqueado"
"0000000000000922","758","2022-12-14","13563.02","bloqueado"
"0000000000000923","884","2023-02-07","6674.36","ativo"
"0000000000000924","884","2025-01-05","11396.26","bloqueado"
"0000000000000925","884","2022-08-01","14386.5","cancelado"
"0000000000000926","762","2023-04-23","983.66","bloqueado"
"0000000000000927","762","2023-05-28","12653.51","cancelado"
"0000000000000928","494","2022-09-06","5430.29","bloqueado"
"0000000000000929","494","2025-06-17","7260.88","bloqueado"
"0000000000000930","173","2022-04-10","1108.5","bloqueado"
"0000000000000931","173","2023-08-11","1071.58","ativo"
"0000000000000932","932","2023-04-02","9938.14","ativo"
"0000000000000933","932","2022-04-12","11931.44","ativo"
"0000000000000934","932","2023-06-30","1800.14","cancelado"
"0000000000000935","943","2025-01-18","7615.24","cancelado"
"0000000000000936","578","2024-02-23","13378.17","cancelado"
"0000000000000937","555","2023-01-06","955.83","bloqueado"
"0000000000000938","555","2022-11-21","10180.79","cancelado"
"0000000000000939","594","2024-04-01","13413.46","ativo"
"0000000000000940","594","2022-04-01","4329.02","ativo"
"0000000000000941","594","2021-10-30","13226.15","bloqueado"
"0000000000000942","341","2023-02-26","14278.32","cancelado"
"0000000000000943","341","2022-04-06","12075.24","bloqueado"
"0000000000000944","357","2023-09-21","3058.39","cancelado"
"0000000000000945","357","2025-04-06","6841.29","cancelado"
"0000000000000946","123","2025-05-07","1391.33","ativo"
"0000000000000947","123","2023-05-18","7827.01","bloqueado"
"0000000000000948","552","2022-05-21","2620.2","bloqueado"
"0000000000000949","863","2024-07-31","8565.54","bloqueado"
"0000000000000950","358","2025-08-05","14806.79","bloqueado"
"0000000000000951","358","2025-01-25","2371.37","ativo"
"0000000000000952","358","2022-02-13","5455.02","cancelado"
"0000000000000953","800","2021-08-23","5819.42","bloqueado"
"0000000000000954","800","2023-02-15","3912.5","cancelado"
"0000000000000955","800","2022-09-30","7825.98","bloqueado"
"0000000000000956","687","2022-05-25","5848.62","bloqueado"
"0000000000000957","901","2023-07-08","5766.34","ativo"
"0000000000000958","901","2022-03-15","14758.39","ativo"
"0000000000000959","714","2024-11-14","8545.64","bloqueado"
"0000000000000960","714","2023-11-02","2795.62","bloqueado"
"0000000000000961","714","2022-09-26","8050.69","ativo"
"0000000000000962","993","2023-12-23","3197.89","ativo"
"0000000000000963","993","2024-10-06","6358.74","bloqueado"
"0000000000000964","716","2022-12-13","674.68","ativo"
"0000000000000965","954","2025-06-24","6133.56","bloqueado"
"0000000000000966","520","2024-07-20","13900.38","ativo"
"0000000000000967","108","2025-03-20","5381.34","cancelado"
"0000000000000968","108","2023-07-20","8988.45","cancelado"
"0000000000000969","108","2021-11-21","13996.47","cancelado"
"0000000000000970","19","2022-10-24","846.55","bloqueado"
"0000000000000971","19","2021-04-04","6498.77","cancelado"
"0000000000000972","386","2022-10-17","6646.25","ativo"
"0000000000000973","386","2021-09-14","4343.7","bloqueado"
"0000000000000974","386","2023-11-06","11187.74","cancelado"
"0000000000000975","422","2025-04-30","625.63","ativo"
"0000000000000976","422","2023-12-28","11430.28","bloqueado"
"0000000000000977","251","2020-09-03","2114.15","bloqueado"
"0000000000000978","251","2021-03-18","10359.55","ativo"
"0000000000000979","251","2022-04-02","1171.79","ativo"
"0000000000000980","140","2022-10-24","2078.46","bloqueado"
"0000000000000981","140","2024-11-09","12288.69","ativo"
"0000000000000982","985","2024-07-06","3382.56","ativo"
"0000000000000983","985","2025-04-30","8995.87","bloqueado"
"0000000000000984","985","2025-08-11","3958.92","bloqueado"
"0000000000000985","407","2023-01-01","1712.26","bloqueado"
"0000000000000986","407","2024-12-28","12017.02","bloqueado"
"0000000000000987","407","2025-06-22","7608.96","ativo"
"0000000000000988","113","2024-03-22","9651.79","ativo"
"0000000000000989","113","2022-05-04","8667.81","ativo"
"0000000000000990","113","2022-11-27","13766.33","bloqueado"
"0000000000000991","596","2021-01-29","4801.84","bloqueado"
"0000000000000992","596","2024-04-13","6467.48","bloqueado"
"0000000000000993","702","2024-10-23","1980.94","cancelado"
"0000000000000994","702","2021-07-25","9015.26","ativo"
"0000000000000995","949","2024-09-12","3297.57","ativo"
"0000000000000996","949","2024-05-13","6607.63","ativo"
"0000000000000997","949","2023-12-09","5374.46","bloqueado"
"0000000000000998","347","2023-04-23","9902.02","cancelado"
"0000000000000999","347","2021-08-30","7602.32","bloqueado"
"0000000000001000","854","2021-11-01","1870.71","bloqueado"
"0000000000001001","420","2022-03-09","9331.53","ativo"
"0000000000001002","420","2021-09-09","1524.06","bloqueado"
"0000000000001003","420","2023-09-20","13185.34","bloqueado"
"0000000000001004","720","2021-02-09","10125.59","cancelado"
"0000000000001005","720","2020-12-29","7793.92","ativo"
"0000000000001006","681","2021-03-30","12010.07","ativo"
"0000000000001007","681","2023-01-02","3183.84","cancelado"
"0000000000001008","909","2021-07-23","5976.04","bloqueado"
"0000000000001009","909","2025-04-24","9914.84","bloqueado"
"0000000000001010","909","2025-03-13","4051.25","ativo"
"0000000000001011","658","2022-12-05","5226.93","ativo"
"0000000000001012","486","2021-09-23","6399.21","ativo"
"0000000000001013","486","2021-06-17","6557.68","bloqueado"
"0000000000001014","486","2024-03-31","4210.81","bloqueado"
"0000000000001015","537","2022-05-22","13366.69","ativo"
"0000000000001016","537","2020-12-26","14293.4","cancelado"
"0000000000001017","637","2025-06-19","13092.04","ativo"
"0000000000001018","637","2021-02-26","6313.62","cancelado"
"0000000000001019","637","2020-09-23","14052.15","cancelado"
"0000000000001020","76","2021-08-05","5655.67","bloqueado"
"0000000000001021","76","2023-07-08","7683.46","bloqueado"
"0000000000001022","472","2023-01-02","13631.04","ativo"
"0000000000001023","472","2023-01-23","12818.79","cancelado"
"0000000000001024","641","2024-04-20","12650.78","bloqueado"
"0000000000001025","641","2022-09-10","10743.72","cancelado"
"0000000000001026","996","2022-08-10","1782.32","ativo"
"0000000000001027","996","2022-07-09","2261.38","cancelado"
"0000000000001028","120","2025-07-01","1391.13","cancelado"
"0000000000001029","120","2022-11-30","4430.5","bloqueado"
"0000000000001030","835","2025-05-06","13577.27","bloqueado"
"0000000000001031","722","2023-08-27","2006.4","cancelado"
"0000000000001032","545","2022-08-28","5130.41","cancelado"
"0000000000001033","523","2021-12-08","6032.59","cancelado"
"0000000000001034","327","2020-11-03","12815.95","cancelado"
"0000000000001035","327","2025-05-10","12909.46","cancelado"
"0000000000001036","327","2025-08-12","4154.36","ativo"
"0000000000001037","742","2023-05-05","6927.76","bloqueado"
"0000000000001038","921","2022-07-08","2139.21","bloqueado"
"0000000000001039","921","2022-02-08","8470.57","bloqueado"
"0000000000001040","111","2023-11-27","3153.16","bloqueado"
"0000000000001041","111","2022-05-17","13180.05","ativo"
"0000000000001042","111","2025-04-03","14883.14","bloqueado"
"0000000000001043","15","2020-10-17","10967.88","bloqueado"
"0000000000001044","15","2022-01-04","9876.01","ativo"
"0000000000001045","15","2021-06-03","2441.28","ativo"
"0000000000001046","57","2025-07-03","7256.67","ativo"
"0000000000001047","57","2022-12-10","6614.26","cancelado"
"0000000000001048","57","2024-10-12","4538.03","cancelado"
"0000000000001049","320","2021-09-15","9442.22","bloqueado"
"0000000000001050","320","2021-06-17","1904.71","bloqueado"
"0000000000001051","320","2022-09-27","14912.59","ativo"
"0000000000001052","651","2024-02-07","11008.14","ativo"
"0000000000001053","101","2022-07-11","7628.14","ativo"
"0000000000001054","101","2022-09-14","3363.31","cancelado"
"0000000000001055","243","2024-07-21","11296.93","bloqueado"
"0000000000001056","779","2022-01-20","3458.64","bloqueado"
"0000000000001057","690","2022-02-14","1735.39","bloqueado"
"0000000000001058","230","2022-07-09","9648.1","cancelado"
"0000000000001059","230","2023-01-09","11870.32","cancelado"
"0000000000001060","230","2021-07-23","4399.17","cancelado"
"0000000000001061","979","2020-09-02","13846.25","cancelado"
"0000000000001062","979","2022-09-04","8474.76","bloqueado"
"0000000000001063","979","2023-04-09","1960.46","cancelado"
"0000000000001064","17","2024-05-07","10278.21","ativo"
"0000000000001065","17","2025-07-29","6215.01","bloqueado"
"0000000000001066","577","2023-12-08","4060.38","bloqueado"
"0000000000001067","257","2024-06-10","6429.11","cancelado"
"0000000000001068","257","2022-06-17","4652.01","bloqueado"
"0000000000001069","601","2022-08-15","8736.77","bloqueado"
"0000000000001070","601","2021-07-01","9321.8","cancelado"
"0000000000001071","601","2021-05-05","848.38","ativo"
"0000000000001072","883","2024-02-14","13766.22","bloqueado"
"0000000000001073","883","2024-06-03","10712.89","ativo"
"0000000000001074","550","2024-05-29","3950.73","ativo"
"0000000000001075","126","2021-12-04","13202.83","ativo"
"0000000000001076","126","2023-12-01","13207.56","bloqueado"
"0000000000001077","126","2023-11-18","11737.67","ativo"
"0000000000001078","389","2020-11-03","11525.97","ativo"
"0000000000001079","957","2025-04-01","13133.43","ativo"
"0000000000001080","957","2022-12-16","1862.5","bloqueado"
"0000000000001081","968","2022-05-23","2741.39","bloqueado"
"0000000000001082","968","2024-10-29","2149.78","cancelado"
"0000000000001083","843","2024-05-11","1705.0","bloqueado"
"0000000000001084","843","2025-02-06","3988.56","bloqueado"
"0000000000001085","533","2023-07-23","7535.64","cancelado"
"0000000000001086","533","2023-05-21","13923.79","cancelado"
"0000000000001087","774","2020-10-27","1380.15","bloqueado"
"0000000000001088","264","2024-11-21","12313.87","cancelado"
"0000000000001089","264","2024-12-17","5525.65","cancelado"
"0000000000001090","439","2023-12-12","5173.34","ativo"
"0000000000001091","615","2024-05-28","6350.9","ativo"
"0000000000001092","175","2022-05-24","4273.1","bloqueado"
"0000000000001093","175","2023-10-26","9906.34","cancelado"
"0000000000001094","795","2021-11-15","14633.88","cancelado"
"0000000000001095","583","2021-04-21","5658.11","bloqueado"
"0000000000001096","583","2023-11-10","8592.48","cancelado"
"0000000000001097","599","2022-01-29","7410.77","bloqueado"
"0000000000001098","599","2024-01-31","2812.41","ativo"
"0000000000001099","607","2022-05-29","11348.18","cancelado"
"0000000000001100","463","2022-07-02","7365.55","ativo"
"0000000000001101","538","2023-04-27","5044.51","cancelado"
"0000000000001102","538","2023-08-26","6228.9","bloqueado"
"0000000000001103","652","2024-02-03","8402.62","bloqueado"
"0000000000001104","652","2022-12-23","13677.25","cancelado"
"0000000000001105","364","2022-10-05","8470.37","bloqueado"
"0000000000001106","210","2023-02-13","1108.1","cancelado"
"0000000000001107","210","2022-08-11","8625.13","bloqueado"
"0000000000001108","210","2023-11-15","8191.16","bloqueado"
"0000000000001109","657","2024-08-22","14614.94","ativo"
"0000000000001110","23","2020-11-07","8536.05","bloqueado"
"0000000000001111","23","2025-06-09","13769.18","ativo"
"0000000000001112","23","2022-09-21","5225.5","ativo"
"0000000000001113","20","2021-03-13","12909.11","ativo"
"0000000000001114","20","2024-06-29","891.25","bloqueado"
"0000000000001115","52","2020-10-30","6909.17","bloqueado"
"0000000000001116","729","2023-12-15","5500.62","bloqueado"
"0000000000001117","729","2025-07-05","3643.3","bloqueado"
"0000000000001118","729","2023-08-01","4521.82","bloqueado"
"0000000000001119","885","2023-09-14","13863.67","bloqueado"
"0000000000001120","885","2023-11-20","14246.75","cancelado"
"0000000000001121","603","2020-10-26","14317.09","cancelado"
"0000000000001122","603","2024-10-27","9299.87","bloqueado"
"0000000000001123","211","2024-05-10","9703.23","bloqueado"
"0000000000001124","602","2024-06-07","5955.48","ativo"
"0000000000001125","318","2024-04-02","2153.2","ativo"
"0000000000001126","318","2021-05-28","1716.37","ativo"
"0000000000001127","18","2024-05-13","3883.54","bloqueado"
"0000000000001128","18","2022-10-25","13850.4","cancelado"
"0000000000001129","18","2023-08-10","7664.55","cancelado"
"0000000000001130","926","2022-08-04","635.52","bloqueado"
"0000000000001131","926","2022-12-08","13348.75","ativo"
"0000000000001132","926","2023-10-06","11880.17","cancelado"
"0000000000001133","624","2022-11-09","8114.38","ativo"
"0000000000001134","624","2024-09-18","11799.88","bloqueado"
"0000000000001135","291","2021-12-28","13930.97","cancelado"
"0000000000001136","291","2022-01-29","8218.18","ativo"
"0000000000001137","291","2022-07-05","8800.09","bloqueado"
"0000000000001138","632","2025-08-17","10514.77","bloqueado"
"0000000000001139","632","2025-01-16","7311.07","ativo"
"0000000000001140","632","2025-02-28","10108.93","cancelado"
"0000000000001141","447","2022-04-24","7866.44","bloqueado"
"0000000000001142","447","2020-12-14","10000.39","cancelado"
"0000000000001143","447","2023-11-22","5203.18","ativo"
"0000000000001144","504","2023-09-30","9746.46","bloqueado"
"0000000000001145","504","2021-01-20","11572.74","bloqueado"
"0000000000001146","504","2022-08-04","14074.85","cancelado"
"0000000000001147","410","2021-05-30","12241.93","bloqueado"
"0000000000001148","410","2021-12-30","4351.08","ativo"
"0000000000001149","970","2021-06-07","2343.89","bloqueado"
"0000000000001150","970","2025-05-07","3592.49","bloqueado"
"0000000000001151","186","2021-01-26","11715.94","cancelado"
"0000000000001152","193","2022-10-10","4604.06","bloqueado"
"0000000000001153","193","2021-04-27","11166.44","cancelado"
"0000000000001154","694","2025-02-10","14271.77","cancelado"
"0000000000001155","694","2022-10-25","12286.53","ativo"
"0000000000001156","694","2024-07-01","12026.15","cancelado"
"0000000000001157","468","2021-11-30","12475.76","cancelado"
"0000000000001158","468","2023-02-20","7780.03","cancelado"
"0000000000001159","468","2021-11-07","5947.53","cancelado"
"0000000000001160","530","2024-05-09","2217.15","ativo"
"0000000000001161","530","2023-01-06","8945.88","ativo"
"0000000000001162","461","2022-03-24","7013.23","bloqueado"
"0000000000001163","461","2022-08-05","14525.74","ativo"
"0000000000001164","461","2024-02-17","2937.07","cancelado"
"0000000000001165","194","2023-04-19","2941.09","cancelado"
"0000000000001166","194","2022-01-23","7007.81","bloqueado"
"0000000000001167","194","2025-01-27","10736.47","bloqueado"
"0000000000001168","376","2021-03-19","1048.25","cancelado"
"0000000000001169","376","2022-08-14","13875.39","cancelado"
"0000000000001170","539","2021-06-06","7556.26","bloqueado"
"0000000000001171","359","2021-02-02","6873.04","bloqueado"
"0000000000001172","622","2025-07-08","7517.9","ativo"
"0000000000001173","622","2022-02-21","2445.25","bloqueado"
"0000000000001174","622","2023-02-05","10580.4","ativo"
"0000000000001175","122","2025-04-22","3612.01","bloqueado"
"0000000000001176","122","2024-08-24","9504.18","ativo"
"0000000000001177","196","2024-03-31","3255.01","cancelado"
"0000000000001178","768","2022-01-27","13777.3","ativo"
"0000000000001179","768","2022-08-27","7128.51","ativo"
"0000000000001180","768","2020-10-16","13613.64","cancelado"
"0000000000001181","667","2022-04-23","14587.35","ativo"
"0000000000001182","667","2021-04-20","7027.49","ativo"
"0000000000001183","667","2021-03-21","9801.67","cancelado"
"0000000000001184","1000","2021-07-05","7645.89","ativo"
"0000000000001185","1000","2022-12-07","6496.03","ativo"
"0000000000001186","685","2022-03-02","14633.85","bloqueado"
"0000000000001187","685","2025-03-09","2572.5","ativo"
"0000000000001188","685","2021-09-13","13445.53","cancelado"
"0000000000001189","732","2024-07-31","8983.81","cancelado"
"0000000000001190","732","2025-05-09","14730.41","cancelado"
"0000000000001191","763","2023-10-14","3814.18","cancelado"
"0000000000001192","763","2022-03-02","9575.11","ativo"
"0000000000001193","763","2021-12-11","8517.5","cancelado"
"0000000000001194","405","2025-03-09","10383.33","bloqueado"
"0000000000001195","254","2022-03-27","1294.05","ativo"
"0000000000001196","49","2022-09-26","9518.56","bloqueado"
"0000000000001197","294","2020-09-20","14349.16","ativo"
"0000000000001198","294","2023-06-01","1644.68","bloqueado"
"0000000000001199","294","2022-02-08","4300.34","bloqueado"
"0000000000001200","246","2022-12-18","8871.66","cancelado"
"0000000000001201","246","2025-01-04","9368.47","bloqueado"
"0000000000001202","246","2020-10-27","520.28","bloqueado"
"0000000000001203","279","2024-11-27","14340.68","bloqueado"
"0000000000001204","321","2024-12-08","1999.78","ativo"
"0000000000001205","384","2021-02-16","7313.38","cancelado"
"0000000000001206","581","2023-12-30","1737.24","ativo"
"0000000000001207","948","2021-10-17","5737.36","ativo"
"0000000000001208","948","2022-01-24","8520.88","bloqueado"
"0000000000001209","948","2021-01-21","4216.57","ativo"
"0000000000001210","4","2024-08-20","13350.62","ativo"
"0000000000001211","568","2021-12-21","9339.05","cancelado"
"0000000000001212","568","2021-10-09","13928.01","ativo"
"0000000000001213","202","2022-09-14","4561.92","cancelado"
"0000000000001214","202","2023-10-08","14871.91","bloqueado"
"0000000000001215","202","2025-07-11","12660.22","ativo"
"0000000000001216","340","2023-01-08","7878.69","bloqueado"
"0000000000001217","340","2024-07-30","11779.36","cancelado"
"0000000000001218","340","2022-09-26","11300.0","ativo"
"0000000000001219","259","2024-07-07","972.4","cancelado"
"0000000000001220","947","2022-02-19","689.39","bloqueado"
"0000000000001221","947","2021-07-31","13614.96","ativo"
"0000000000001222","947","2022-10-04","13585.22","bloqueado"
"0000000000001223","598","2022-01-09","5237.86","bloqueado"
"0000000000001224","598","2021-01-02","12665.91","cancelado"
"0000000000001225","832","2021-03-20","11002.68","bloqueado"
"0000000000001226","429","2023-11-09","4948.75","bloqueado"
"0000000000001227","551","2021-10-20","11646.61","bloqueado"
"0000000000001228","551","2020-08-25","9935.1","ativo"
"0000000000001229","551","2023-02-02","1100.6","cancelado"
"0000000000001230","433","2024-07-25","8622.96","ativo"
"0000000000001231","433","2025-02-22","4952.33","bloqueado"
"0000000000001232","894","2024-10-24","9095.19","bloqueado"
"0000000000001233","894","2024-01-03","6599.71","bloqueado"
"0000000000001234","894","2025-04-29","1441.1","ativo"
"0000000000001235","874","2025-04-02","4858.75","bloqueado"
"0000000000001236","874","2024-01-30","10973.62","cancelado"
"0000000000001237","874","2025-02-10","12682.57","bloqueado"
"0000000000001238","784","2024-08-12","9015.49","cancelado"
"0000000000001239","784","2025-01-24","11549.97","bloqueado"
"0000000000001240","302","2023-08-28","10257.03","ativo"
"0000000000001241","302","2025-07-23","10815.62","ativo"
"0000000000001242","136","2024-02-03","9883.96","ativo"
"0000000000001243","773","2022-10-14","13430.17","cancelado"
"0000000000001244","864","2025-02-05","11492.01","bloqueado"
"0000000000001245","864","2024-02-11","5334.03","ativo"
"0000000000001246","642","2022-01-24","8581.59","cancelado"
"0000000000001247","642","2024-12-04","11551.93","cancelado"
"0000000000001248","497","2024-11-23","615.09","ativo"
"0000000000001249","497","2021-09-20","12749.71","cancelado"
"0000000000001250","399","2020-12-15","13573.66","bloqueado"
"0000000000001251","385","2022-05-28","1267.08","ativo"
"0000000000001252","112","2021-04-09","10817.49","bloqueado"
"0000000000001253","112","2023-10-09","977.91","cancelado"
"0000000000001254","838","2023-03-09","2443.67","cancelado"
"0000000000001255","838","2021-08-17","6933.04","bloqueado"
"0000000000001256","34","2024-02-26","2368.6","ativo"
"0000000000001257","93","2023-11-25","14870.85","bloqueado"
"0000000000001258","802","2023-11-05","7887.56","bloqueado"
"0000000000001259","753","2023-03-12","9013.76","bloqueado"
"0000000000001260","827","2023-10-28","10548.61","bloqueado"
"0000000000001261","827","2020-11-06","13568.27","cancelado"
"0000000000001262","827","2023-04-28","5000.13","ativo"
"0000000000001263","373","2024-10-15","4465.95","ativo"
"0000000000001264","373","2022-05-03","5427.29","cancelado"
"0000000000001265","373","2020-10-12","5480.6","bloqueado"
"0000000000001266","158","2022-06-24","13094.22","ativo"
"0000000000001267","158","2024-05-08","5367.05","bloqueado"
"0000000000001268","185","2021-11-24","11756.23","ativo"
"0000000000001269","185","2024-06-21","7806.61","bloqueado"
"0000000000001270","185","2021-11-01","13148.89","cancelado"
"0000000000001271","945","2023-03-20","2632.13","ativo"
"0000000000001272","945","2024-01-07","12385.19","ativo"
"0000000000001273","945","2022-09-22","6335.51","bloqueado"
"0000000000001274","910","2021-11-09","8204.91","cancelado"
"0000000000001275","205","2020-10-13","12110.91","cancelado"
"0000000000001276","273","2022-07-30","9870.24","ativo"
"0000000000001277","273","2024-05-19","6768.66","bloqueado"
"0000000000001278","273","2022-10-18","4501.6","bloqueado"
"0000000000001279","879","2024-10-14","5336.05","bloqueado"
"0000000000001280","365","2024-01-16","5273.87","cancelado"
"0000000000001281","365","2024-08-11","7747.72","bloqueado"
"0000000000001282","365","2024-08-08","4538.79","bloqueado"
"0000000000001283","903","2023-10-22","4613.7","ativo"
"0000000000001284","903","2022-05-21","11990.95","bloqueado"
"0000000000001285","625","2024-08-02","1449.83","ativo"
"0000000000001286","660","2021-10-03","6082.37","cancelado"
"0000000000001287","660","2024-03-07","13568.51","cancelado"
"0000000000001288","660","2021-01-30","2742.33","cancelado"
"0000000000001289","941","2022-09-25","11211.5","ativo"
"0000000000001290","636","2021-11-19","7608.02","bloqueado"
"0000000000001291","679","2021-07-04","6087.05","cancelado"
"0000000000001292","679","2023-02-27","14234.78","bloqueado"
"0000000000001293","792","2023-10-30","6860.55","ativo"
"0000000000001294","792","2021-02-05","2429.58","ativo"
"0000000000001295","792","2023-08-18","8087.12","bloqueado"
"0000000000001296","121","2024-08-07","14198.29","ativo"
"0000000000001297","121","2023-12-07","1164.02","bloqueado"
"0000000000001298","121","2024-05-01","6378.98","bloqueado"
"0000000000001299","846","2021-04-23","1800.99","ativo"
"0000000000001300","939","2023-02-23","12441.31","bloqueado"
"0000000000001301","939","2023-08-31","7632.83","bloqueado"
"0000000000001302","130","2025-01-02","11311.95","cancelado"
"0000000000001303","130","2025-05-03","12620.05","ativo"
"0000000000001304","130","2024-09-14","3617.37","cancelado"
"0000000000001305","160","2020-12-27","8441.93","cancelado"
"0000000000001306","160","2024-09-21","12469.45","ativo"
"0000000000001307","160","2021-03-22","13764.26","cancelado"
"0000000000001308","626","2023-08-24","2495.67","cancelado"
"0000000000001309","626","2023-06-19","3604.19","bloqueado"
"0000000000001310","782","2022-04-17","5574.38","ativo"
"0000000000001311","782","2023-04-15","7071.8","cancelado"
"0000000000001312","248","2024-12-15","1414.83","ativo"
"0000000000001313","925","2022-01-21","809.01","bloqueado"
"0000000000001314","643","2020-09-27","14795.26","ativo"
"0000000000001315","662","2021-07-04","3801.9","bloqueado"
"0000000000001316","691","2021-11-20","1002.65","bloqueado"
"0000000000001317","691","2025-06-03","11048.69","bloqueado"
"0000000000001318","691","2022-12-09","2779.25","bloqueado"
"0000000000001319","527","2021-02-26","4674.28","ativo"
"0000000000001320","446","2020-11-08","6628.32","ativo"
"0000000000001321","446","2024-12-23","10840.59","cancelado"
"0000000000001322","724","2022-07-04","1711.26","bloqueado"
"0000000000001323","369","2025-01-28","2141.8","cancelado"
"0000000000001324","369","2023-10-21","8397.2","cancelado"
"0000000000001325","369","2020-11-06","14156.55","cancelado"
"0000000000001326","80","2024-06-17","11960.01","cancelado"
"0000000000001327","80","2024-01-29","5299.02","ativo"
"0000000000001328","80","2023-06-27","5955.71","cancelado"
"0000000000001329","95","2024-07-24","2611.88","cancelado"
"0000000000001330","95","2023-08-06","12749.61","bloqueado"
"0000000000001331","95","2023-06-04","8851.19","bloqueado"
"0000000000001332","977","2023-01-26","10864.18","ativo"
"0000000000001333","308","2023-10-11","929.27","bloqueado"
"0000000000001334","308","2021-01-29","7111.69","bloqueado"
"0000000000001335","308","2025-01-16","6049.92","cancelado"
"0000000000001336","86","2025-08-17","1883.07","ativo"
"0000000000001337","86","2021-09-11","13256.76","cancelado"
"0000000000001338","86","2024-05-17","7669.75","cancelado"
"0000000000001339","610","2024-10-16","13862.73","cancelado"
"0000000000001340","610","2024-05-01","7886.52","cancelado"
"0000000000001341","441","2025-01-06","10215.75","cancelado"
"0000000000001342","441","2020-12-14","5690.29","cancelado"
"0000000000001343","771","2025-04-22","11799.5","cancelado"
"0000000000001344","87","2025-06-18","1143.58","cancelado"
"0000000000001345","87","2024-12-12","13955.62","bloqueado"
"0000000000001346","87","2021-03-21","6609.46","cancelado"
"0000000000001347","765","2021-12-13","13257.24","bloqueado"
"0000000000001348","765","2023-11-11","7280.84","cancelado"
"0000000000001349","765","2023-06-15","3763.73","bloqueado"
"0000000000001350","564","2024-05-21","11653.34","ativo"
"0000000000001351","564","2022-12-01","6440.35","bloqueado"
"0000000000001352","564","2021-11-14","8512.82","bloqueado"
"0000000000001353","181","2021-11-08","4306.3","bloqueado"
"0000000000001354","181","2022-04-25","12598.6","ativo"
"0000000000001355","181","2021-06-09","6997.6","bloqueado"
"0000000000001356","892","2023-11-29","3240.25","cancelado"
"0000000000001357","892","2022-12-28","3425.91","bloqueado"
"0000000000001358","892","2024-01-01","13419.35","cancelado"
"0000000000001359","750","2022-07-09","1303.84","ativo"
"0000000000001360","750","2021-01-01","10723.24","bloqueado"
"0000000000001361","750","2021-01-07","11492.73","ativo"
"0000000000001362","174","2023-03-23","11463.28","cancelado"
"0000000000001363","174","2020-09-30","5971.51","ativo"
"0000000000001364","998","2021-10-11","10279.13","bloqueado"
"0000000000001365","998","2022-04-20","5040.39","ativo"
"0000000000001366","998","2024-03-15","10264.55","cancelado"
"0000000000001367","986","2025-06-27","14671.79","bloqueado"
"0000000000001368","986","2022-04-17","11942.6","ativo"
"0000000000001369","683","2024-03-13","12072.69","ativo"
"0000000000001370","356","2021-12-08","11813.92","bloqueado"
"0000000000001371","988","2024-04-11","9249.08","ativo"
"0000000000001372","223","2025-04-19","2976.65","bloqueado"
"0000000000001373","223","2025-06-24","5222.06","bloqueado"
"0000000000001374","223","2022-10-25","13376.33","cancelado"
"0000000000001375","165","2022-06-09","12423.71","ativo"
"0000000000001376","727","2020-08-25","3215.71","cancelado"
"0000000000001377","727","2021-03-17","3213.26","ativo"
"0000000000001378","727","2022-01-13","5026.77","ativo"
"0000000000001379","907","2020-12-18","8225.41","bloqueado"
"0000000000001380","276","2022-11-26","7242.89","bloqueado"
"0000000000001381","276","2024-10-01","3775.9","ativo"
"0000000000001382","627","2021-03-17","5042.76","ativo"
"0000000000001383","464","2022-07-05","14415.3","cancelado"
"0000000000001384","464","2024-08-17","1573.5","bloqueado"
"0000000000001385","316","2022-01-20","4357.27","ativo"
"0000000000001386","316","2024-11-04","5166.04","cancelado"
"0000000000001387","316","2021-08-13","7659.4","cancelado"
"0000000000001388","11","2021-04-29","13995.47","ativo"
"0000000000001389","50","2024-07-21","13648.65","ativo"
"0000000000001390","50","2023-07-24","7695.53","cancelado"
"0000000000001391","50","2023-10-24","3386.16","ativo"
"0000000000001392","915","2024-08-19","14054.9","bloqueado"
"0000000000001393","915","2022-11-03","2672.55","ativo"
"0000000000001394","915","2025-07-21","6793.4","bloqueado"
"0000000000001395","746","2025-05-25","7630.9","bloqueado"
"0000000000001396","746","2025-04-22","14633.71","cancelado"
"0000000000001397","392","2023-06-17","10476.83","bloqueado"
"0000000000001398","476","2023-06-04","3333.7","bloqueado"
"0000000000001399","353","2025-02-15","3849.32","bloqueado"
"0000000000001400","501","2021-12-20","8308.15","bloqueado"
"0000000000001401","501","2025-01-25","8760.94","bloqueado"
"0000000000001402","331","2023-01-07","9514.67","cancelado"
"0000000000001403","331","2022-09-25","3169.09","cancelado"
"0000000000001404","969","2022-07-27","1896.96","cancelado"
"0000000000001405","958","2020-11-01","5024.02","cancelado"
"0000000000001406","958","2024-05-02","10382.74","ativo"
"0000000000001407","958","2024-10-03","7105.02","bloqueado"
"0000000000001408","360","2022-12-17","3145.69","bloqueado"
"0000000000001409","360","2023-06-09","14802.12","bloqueado"
"0000000000001410","383","2024-12-21","7769.66","cancelado"
"0000000000001411","383","2023-03-15","12345.46","ativo"
"0000000000001412","618","2024-11-20","5460.71","ativo"
"0000000000001413","618","2024-02-02","5568.83","bloqueado"
"0000000000001414","180","2021-01-30","13413.02","ativo"
"0000000000001415","180","2023-03-15","1853.93","bloqueado"
"0000000000001416","677","2022-11-02","5478.23","ativo"
"0000000000001417","677","2021-07-20","10637.41","ativo"
"0000000000001418","677","2021-11-26","10953.96","ativo"
"0000000000001419","222","2025-05-14","2174.44","ativo"
"0000000000001420","222","2022-07-19","9867.25","bloqueado"
"0000000000001421","852","2022-07-05","8710.38","ativo"
"0000000000001422","646","2022-10-05","8465.42","bloqueado"
"0000000000001423","646","2024-08-05","9300.96","bloqueado"
"0000000000001424","646","2021-12-13","10537.28","bloqueado"
"0000000000001425","801","2021-06-26","9846.24","cancelado"
