id_conta,codigo_agencia,id_cliente,saldo,data_abertura,status
60607732,4593,1,22844.46,2024-09-11,A
58953018,5430,1,28978.37,2025-04-28,A
62094564,6840,2,39177.64,2023-02-13,A
64261526,1722,2,35434.75,2022-09-24,A
41016159,2515,3,2342.76,2023-06-15,A
41228780,4522,4,18943.98,2023-04-13,A
83813122,4415,5,23493.69,2021-06-01,A
22545653,6187,6,40440.56,2020-09-02,A
53735066,4522,6,21127.71,2020-10-16,A
25903665,4593,7,10349.33,2022-12-29,A
76930209,4522,8,22407.19,2024-03-22,A
44839791,5772,9,18065.59,2021-12-20,A
75845066,6840,10,36499.22,2024-12-11,A
88545261,4522,10,39565.44,2024-04-03,A
26412074,4415,11,30356.25,2023-05-15,A
73412327,5772,11,35405.24,2022-09-29,A
84062621,1722,12,44720.43,2023-07-06,A
53077396,5772,13,24174.77,2021-08-04,A
28363097,1257,13,48164.8,2025-04-16,A
20248868,6187,14,34842.87,2024-06-19,A
76126295,3913,15,11630.75,2023-06-13,A
23217836,1257,16,31390.64,2021-10-14,A
41435163,4522,17,8302.23,2023-10-24,A
85536023,2515,18,14896.75,2024-11-17,A
78006734,4593,19,4468.74,2021-06-25,A
55817390,2515,19,1849.59,2023-09-23,A
44842564,1971,20,20799.54,2021-12-17,A
60516941,1257,21,46704.57,2021-01-12,A
90337084,3913,22,33065.07,2024-07-28,A
31579010,7273,23,31412.97,2022-07-30,A
61452687,1722,24,41224.12,2020-10-21,A
30603533,4593,24,44467.58,2023-02-28,A
49288049,1714,25,25445.69,2024-05-06,A
59635288,2199,26,26876.41,2023-01-11,A
66754167,2199,26,27584.12,2024-07-31,A
72889571,4415,27,16279.9,2021-11-06,A
14922900,1971,28,47013.58,2023-09-10,A
18678230,8316,29,4584.21,2024-05-26,A
23656066,2199,30,8433.3,2020-11-16,A
71833109,5772,30,41840.77,2022-05-18,A
18206894,7273,31,29611.11,2024-11-24,A
72256258,1971,32,17589.31,2021-09-08,A
58540351,1257,33,12465.63,2023-11-30,A
45376362,4522,34,48946.58,2024-09-25,A
81344592,4415,35,47056.47,2022-08-08,A
74579455,6319,35,13802.81,2021-03-02,A
39059887,5981,36,21144.92,2021-06-23,A
75320544,6319,37,36222.2,2023-05-09,A
51190832,4522,37,14830.38,2022-08-03,A
81145634,4522,38,14035.13,2020-10-12,A
34925895,6840,39,24086.54,2024-05-29,A
49796475,6891,39,21050.93,2021-04-07,A
50495382,7273,40,43069.87,2024-12-04,A
53529174,5981,41,15637.62,2024-07-20,A
34302521,4522,42,43501.68,2023-11-27,A
16685457,3913,43,19401.52,2022-01-09,A
85513912,1714,43,2390.91,2022-02-11,A
54604683,7273,44,107.21,2022-11-08,A
62939127,1257,44,45877.85,2025-02-19,A
64066476,8316,45,9013.53,2021-11-25,A
70514512,8316,46,5109.61,2022-03-24,A
84490910,8316,47,20842.92,2025-01-13,A
50299863,3913,48,12203.97,2021-01-12,A
70222807,5981,49,36765.38,2024-03-10,A
67527165,6840,49,10528.46,2022-10-11,A
28267938,6187,50,12221.89,2020-09-24,A
69769778,4593,51,41055.41,2023-11-09,A
37766215,1257,52,31877.59,2021-11-13,A
74187587,6840,53,10280.7,2021-03-22,A
37719615,2515,54,5654.13,2023-07-10,A
37950280,4415,55,3676.77,2025-04-24,A
63806106,1257,56,19275.75,2024-09-10,A
66045156,2199,56,11023.9,2021-10-27,A
58068003,4123,57,19386.63,2021-09-17,A
39244446,5772,58,7454.5,2025-02-22,A
67879700,4522,59,10035.86,2024-12-06,A
73778047,7273,60,24148.4,2021-02-01,A
64551046,5430,61,11543.3,2020-11-25,A
45332312,1971,62,1553.97,2025-01-16,A
80238223,1722,62,48914.34,2023-12-29,A
89365865,6840,63,16711.67,2022-08-20,A
33671297,1257,64,28249.2,2021-02-18,A
54910445,4415,65,46202.12,2023-10-19,A
41583718,2515,66,29830.54,2022-11-08,A
10808854,6840,67,36568.38,2023-08-06,A
13409042,5981,68,41031.13,2025-02-09,A
91065376,6319,68,16724.23,2021-11-16,A
73654820,2199,69,3156.63,2022-05-07,A
87538991,6187,70,29190.0,2024-03-15,A
21248519,4593,71,5015.41,2023-06-07,A
90018084,7273,72,20341.66,2024-06-20,A
67588035,5981,73,47925.68,2022-11-01,A
11185755,8316,74,35215.04,2023-04-27,A
35749946,6187,74,33696.06,2023-05-20,A
65229774,4415,75,29249.03,2024-06-22,A
17754161,5772,76,21356.03,2024-09-03,A
77134583,4123,77,18061.82,2024-08-02,A
77083557,7273,78,19339.98,2023-07-13,A
56206051,8316,79,33272.46,2022-10-24,A
31311791,2199,79,22213.68,2024-05-10,A
20331334,8316,80,17945.82,2025-08-20,A
13707261,4522,81,18367.54,2022-09-12,A
80728547,4522,82,42221.15,2022-11-08,A
29751826,4123,83,3878.6,2022-03-09,A
74002646,5430,84,31420.35,2022-06-07,A
64014743,5981,84,35059.88,2021-10-02,A
71128345,6319,85,21566.43,2022-05-26,A
34194407,6840,86,36755.21,2021-02-25,A
33630872,4593,87,46688.96,2022-02-20,A
96364402,6319,87,7804.67,2021-11-24,A
74712451,1722,88,42024.96,2021-07-10,A
24283027,1257,89,10278.45,2021-04-14,A
72382863,4123,90,13001.95,2023-10-20,A
97409137,4123,91,13530.96,2024-10-24,A
67166869,6840,91,43686.76,2021-09-02,A
76010936,4415,92,11106.85,2021-07-21,A
66765292,1257,93,2127.06,2022-01-16,A
17678081,6840,93,42467.08,2023-02-25,A
31154676,4123,94,1844.36,2025-04-07,A
59922138,6840,95,40792.57,2021-08-13,A
48782228,4415,96,37330.72,2022-12-05,A
84153574,4522,97,12104.58,2024-01-31,A
87460336,4415,98,22709.4,2025-05-09,A
41230983,4593,99,45137.89,2020-12-02,A
60304388,2515,100,18081.47,2022-02-20,A
23900306,1722,100,47175.85,2024-04-04,A
87656343,6891,101,9882.63,2020-09-17,A
37827407,7273,101,38758.62,2025-08-14,A
34047950,4522,102,37387.53,2022-03-28,A
13971230,6891,103,20122.45,2022-03-06,A
65459928,4522,104,4728.88,2025-06-25,A
83765130,6840,105,10449.93,2020-10-06,A
22838644,1971,106,2840.1,2022-11-28,A
34747698,6840,107,49908.93,2024-01-11,A
46055931,6319,108,25902.45,2024-11-10,A
20392769,4123,109,20384.3,2021-02-28,A
66680533,5430,110,18669.5,2025-04-17,A
13392122,1714,111,45685.39,2021-04-02,A
70475414,6840,112,49846.17,2024-08-06,A
12593999,8316,113,33676.4,2022-06-26,A
20789101,6187,114,9666.97,2024-01-18,A
36040674,5981,115,19754.6,2024-06-08,A
15279811,1257,116,19408.05,2023-07-23,A
11446908,5430,117,295.23,2020-12-04,A
49084913,4593,118,29289.77,2025-08-10,A
36613296,1257,119,15181.32,2022-06-03,A
34796678,5981,120,20515.71,2024-02-28,A
71584195,6187,121,19374.25,2022-03-17,A
44065154,8316,121,28437.41,2023-01-09,A
60564531,4415,122,38881.28,2025-07-23,A
40048229,6840,123,28147.71,2021-08-10,A
69132249,1722,124,31200.48,2022-01-02,A
85591614,3913,125,48667.28,2023-01-06,A
69539153,1714,125,37354.25,2024-05-01,A
42435858,3913,126,6973.51,2025-05-14,A
10715296,5981,127,16545.94,2025-03-28,A
39835580,1722,128,3902.18,2025-06-07,A
14363594,7273,129,37048.31,2024-01-11,A
53633699,1257,129,13302.95,2022-11-10,A
18169239,1714,130,1445.1,2021-12-22,A
56948562,2199,131,42136.56,2025-04-28,A
53627471,6891,132,36375.37,2021-07-27,A
91016927,6319,133,34054.89,2022-07-05,A
91162973,2199,134,19719.77,2022-07-23,A
27075254,2199,135,13519.26,2024-07-29,A
31206894,5772,135,45436.29,2024-11-03,A
34183667,1714,136,29647.6,2025-03-31,A
21677833,4593,137,23195.21,2022-01-03,A
86851987,2199,138,5567.48,2021-08-25,A
62025032,6891,139,47114.05,2022-07-15,A
56716047,1722,140,29898.1,2021-01-19,A
50059312,4415,141,16352.93,2025-06-08,A
67611344,2199,141,548.04,2021-02-24,A
26836089,4123,142,10595.63,2024-04-22,A
66342092,1722,143,14498.69,2024-06-30,A
63033833,8316,144,41050.95,2023-06-18,A
33037865,4123,145,326.37,2024-07-03,A
32307582,8316,145,2650.81,2025-05-08,A
96506181,7273,146,43293.73,2023-03-25,A
57767782,6187,147,46827.98,2022-05-24,A
88935070,6840,147,7109.52,2024-10-22,A
45537497,1971,148,237.99,2025-08-19,A
60148407,8316,149,22755.75,2020-11-04,A
70752790,4593,150,11901.21,2020-08-25,A
77869273,4593,150,49101.93,2025-04-16,A
68364452,5430,151,19048.08,2023-03-18,A
10374362,2515,152,42741.3,2024-03-16,A
76459478,1714,152,6707.29,2023-09-27,A
65402833,2199,153,1408.7,2020-10-30,A
32769522,4415,154,33287.0,2021-01-09,A
83234600,5981,155,48531.31,2020-09-24,A
99269195,8316,156,18566.74,2021-07-10,A
85839021,1714,157,44053.02,2022-02-08,A
89862482,2199,157,7359.95,2021-01-15,A
32267251,6891,158,39382.83,2022-03-25,A
20436008,6840,159,29181.79,2023-10-21,A
50170436,5430,160,16310.25,2022-09-03,A
93174259,4415,161,36095.98,2020-12-03,A
47512892,5981,161,41255.13,2022-11-06,A
82774717,7273,162,24623.3,2025-07-07,A
14643233,6319,163,5695.81,2025-08-14,A
40221880,8316,163,27986.17,2022-02-13,A
31055735,6187,164,30408.01,2023-08-11,A
35827317,1257,164,11675.94,2022-10-01,A
37687771,2199,165,32124.03,2022-02-13,A
10880540,1257,166,4085.93,2022-01-27,A
42840194,1971,166,45664.37,2023-09-08,A
19024217,1257,167,24650.73,2020-12-28,A
30664729,6187,167,508.57,2023-10-30,A
97506740,6840,168,14475.08,2023-06-19,A
56177939,5430,168,29444.16,2021-02-24,A
25236678,6319,169,23997.97,2022-07-27,A
55317894,2199,170,34017.12,2023-01-22,A
54098683,1722,170,13709.42,2020-12-05,A
40338081,5430,171,13667.42,2024-02-02,A
87966442,1971,172,40675.1,2024-12-07,A
84408160,4415,173,30578.66,2025-05-30,A
48230181,4593,174,19929.43,2022-06-01,A
93722553,4123,175,24867.56,2022-04-17,A
42964310,6187,175,10474.38,2022-04-14,A
31770277,5430,176,31404.53,2023-02-25,A
43056454,6319,177,13083.61,2023-12-31,A
31905860,5981,178,36293.82,2024-04-10,A
27751999,1722,179,8758.67,2020-09-15,A
82129095,3913,180,6152.15,2020-11-14,A
56549341,5772,181,40381.28,2025-06-12,A
82258236,5981,182,48848.46,2022-08-10,A
26434806,5772,183,29978.71,2021-09-20,A
46167085,2515,184,2023.04,2022-12-11,A
22142123,1722,185,660.75,2022-01-08,A
87817765,6319,185,16602.92,2021-02-18,A
69637099,1971,186,4162.73,2023-06-25,A
90321827,1714,186,18701.16,2023-12-27,A
52017788,4522,187,2433.68,2021-10-14,A
17575494,1714,187,35882.85,2021-08-25,A
29145211,2199,188,43147.9,2022-09-17,A
76627421,1722,188,9097.61,2024-01-23,A
36586910,2199,189,17661.69,2021-04-14,A
74575117,1714,189,8404.53,2024-07-22,A
51471936,8316,190,36994.36,2025-08-24,A
59888093,4123,191,26542.67,2023-01-04,A
31481965,4593,192,26629.99,2021-03-15,A
11998162,3913,192,5180.55,2023-11-29,A
34461495,6891,193,35018.93,2022-12-05,A
96022455,5430,194,43731.34,2021-06-08,A
86015178,5430,195,884.52,2022-05-17,A
70147892,5981,196,11945.06,2023-07-22,A
93501427,5981,197,15838.48,2021-06-23,A
88645798,4415,198,43940.35,2021-10-09,A
34268104,8316,198,8242.32,2024-01-04,A
69906546,5981,199,25846.66,2021-04-17,A
40746598,5430,199,5273.89,2021-06-30,A
74641617,1257,200,20833.06,2023-10-24,A
41154502,4415,201,4824.75,2024-01-21,A
27194476,1971,202,4020.7,2024-03-31,A
46784982,1714,203,26910.49,2024-09-02,A
52748604,1971,203,10003.06,2021-12-06,A
99627886,4522,204,28084.29,2024-12-21,A
94497483,1714,205,22960.67,2024-01-14,A
43806025,1971,206,8232.09,2023-11-27,A
23809073,5430,206,48139.25,2021-11-07,A
13409779,7273,207,37466.23,2024-04-07,A
26168609,5430,207,43640.83,2024-06-17,A
40677962,6891,208,6886.06,2020-11-14,A
10605250,5981,208,38247.79,2025-07-03,A
89603392,6319,209,43541.03,2021-12-28,A
98562865,8316,209,893.9,2025-03-07,A
46048156,1722,210,1680.05,2023-04-30,A
28445351,2515,210,26194.76,2022-12-12,A
18198612,6187,211,12899.14,2022-04-09,A
32309045,1257,212,19851.56,2021-07-19,A
18428148,5430,213,9870.73,2023-08-28,A
40906544,3913,214,33840.17,2023-06-21,A
57597060,6840,215,37974.7,2020-09-23,A
52653730,2199,215,8570.62,2021-06-12,A
46360358,5430,216,11238.06,2022-06-07,A
28733307,1714,217,26972.56,2021-07-01,A
88099509,1714,217,15705.76,2021-07-16,A
50199913,4522,218,48540.3,2022-09-01,A
99414559,5772,219,48998.56,2021-01-24,A
79447570,1722,220,33049.44,2024-05-27,A
75110960,4593,221,9187.79,2024-07-26,A
95592155,6891,222,45845.46,2021-10-31,A
45021207,5430,223,49183.34,2024-08-11,A
91264086,3913,224,39616.07,2021-09-22,A
60245981,5772,225,16851.81,2022-10-13,A
27621753,5981,225,43597.17,2021-12-13,A
22539199,4593,226,4557.86,2024-11-29,A
83183047,5981,226,14263.55,2022-08-28,A
44141277,3913,227,11264.98,2023-05-19,A
82437391,5772,228,36127.05,2021-07-30,A
89282514,1257,229,35368.58,2022-03-07,A
10996386,6187,229,21121.0,2023-03-21,A
82844194,4123,230,29753.39,2024-10-02,A
76120776,4522,231,35893.65,2020-12-30,A
67904488,2199,232,10272.94,2024-11-01,A
95100395,1722,233,33731.89,2023-11-24,A
87118971,6840,234,28558.13,2022-05-02,A
38047424,2199,235,45268.91,2022-08-22,A
32837888,1722,236,43052.73,2025-05-24,A
67713405,4522,237,33414.0,2023-08-29,A
22787594,1971,238,23315.75,2023-09-10,A
92880952,1714,239,17412.87,2021-02-17,A
32270634,2199,239,13799.28,2023-07-17,A
72715910,4415,240,36893.61,2025-04-06,A
99323531,6891,240,47109.11,2023-02-10,A
68155333,4415,241,34724.39,2022-12-26,A
17694709,1257,242,47081.62,2025-01-24,A
54767455,1722,243,27001.96,2024-12-05,A
58221378,5772,244,503.37,2025-02-17,A
81189728,4593,244,28793.86,2022-04-12,A
82677003,3913,245,3710.4,2022-02-08,A
53035439,4123,246,48697.57,2024-05-13,A
74132712,1257,247,26660.27,2021-10-17,A
64295203,4415,248,16639.19,2022-02-09,A
12414504,7273,248,20639.61,2024-12-19,A
45718758,6319,249,33220.67,2024-01-12,A
74727173,5430,249,35363.61,2021-09-17,A
98377293,6319,250,29045.31,2025-08-13,A
32586394,1257,251,10516.36,2023-09-23,A
50955675,4123,252,16365.19,2022-06-28,A
95583659,4522,253,46774.36,2023-05-11,A
60094372,2199,254,13554.81,2021-04-30,A
88598201,4415,255,27532.44,2023-12-24,A
32652329,6840,256,43905.58,2025-05-15,A
31343837,6840,256,49336.31,2022-02-11,A
34637932,4593,257,17057.89,2023-08-17,A
11157338,4593,258,11186.89,2021-07-20,A
81576118,6187,259,43452.19,2022-03-16,A
57334398,1714,260,34508.26,2024-02-05,A
32548933,6891,260,47071.51,2023-03-13,A
70025138,4123,261,21565.46,2022-02-09,A
84151353,4415,262,49193.67,2024-02-22,A
35327280,8316,263,1626.41,2022-10-15,A
34196785,4593,264,41693.34,2020-10-02,A
22165450,2199,265,32884.4,2022-02-01,A
31813769,4522,266,38335.58,2022-09-26,A
46712168,2515,266,31805.19,2021-05-21,A
48584041,6319,267,18882.97,2025-06-29,A
86960133,2199,268,24820.76,2022-02-18,A
89728236,5772,269,43913.27,2020-09-28,A
11804521,6840,270,7127.92,2024-03-13,A
62938021,4522,270,6896.87,2022-02-03,A
69509996,7273,271,5357.84,2020-12-25,A
28036027,6319,272,19183.2,2024-02-18,A
63486022,1714,273,20716.51,2020-08-24,A
45202115,6319,274,35659.34,2023-07-24,A
17061921,5981,275,45088.83,2025-08-02,A
58493738,2199,276,46980.47,2024-04-21,A
36065795,6187,277,8519.28,2022-03-22,A
18959477,4522,278,456.16,2024-09-14,A
48257465,4593,279,39273.69,2020-12-24,A
12518334,1722,280,39993.28,2022-08-13,A
92479912,5430,281,12625.69,2021-04-13,A
16697766,1714,282,46219.42,2021-05-13,A
87164566,7273,283,43767.41,2022-07-07,A
42965259,1971,284,2359.24,2023-10-19,A
36949872,6319,284,11546.15,2025-03-24,A
93105866,4593,285,44708.43,2022-02-26,A
28048094,1257,286,8749.4,2022-01-04,A
49980592,8316,287,27440.06,2024-08-03,A
22568973,1722,288,14243.71,2021-05-20,A
89441626,7273,288,19585.41,2022-07-15,A
61314322,4522,289,18334.8,2020-09-10,A
16278290,5430,289,27015.83,2024-03-20,A
12854500,8316,290,10849.17,2025-02-22,A
29269124,6187,290,49460.76,2024-07-27,A
75210157,4123,291,12110.15,2020-12-17,A
52999440,8316,292,13999.62,2024-01-18,A
47713383,5981,293,37649.49,2024-01-19,A
24884380,1257,294,11763.35,2024-03-14,A
17367600,5430,294,8438.7,2024-09-04,A
68509056,6187,295,49957.77,2021-10-01,A
62468705,8316,295,16573.43,2023-01-15,A
39311626,4593,296,12715.12,2025-02-12,A
57511543,6891,297,12795.04,2020-09-25,A
11976405,8316,298,13780.82,2025-07-07,A
53696517,4522,299,20951.69,2022-08-03,A
72146678,4522,300,9523.19,2022-02-13,A
36828136,5430,301,33453.54,2022-12-15,A
66862582,1257,302,26272.75,2021-05-31,A
69685669,1971,303,45285.95,2024-04-07,A
98454151,5430,304,41270.6,2021-11-22,A
39921345,4522,305,40003.53,2021-08-04,A
37593285,7273,305,44696.44,2022-05-01,A
65078472,2515,306,24512.19,2021-08-15,A
11668434,5981,307,16783.03,2022-11-06,A
47998956,6319,308,19405.6,2021-06-09,A
68421330,4415,309,39063.38,2023-03-13,A
28416939,5772,310,27849.63,2022-05-07,A
23306584,4415,311,5832.3,2023-12-15,A
56837430,2199,312,5972.42,2022-12-29,A
48615169,4123,312,42467.44,2021-08-20,A
36390882,4123,313,29019.99,2024-07-22,A
33981636,4593,314,47720.47,2024-08-04,A
73064663,2515,315,17993.54,2023-12-13,A
80244042,1971,316,24736.19,2023-09-22,A
73969348,6319,317,37950.75,2024-03-21,A
14247464,1971,318,27053.85,2024-03-27,A
37974764,3913,319,32638.62,2022-10-12,A
91121888,6187,319,14596.54,2023-02-18,A
34167344,7273,320,30461.3,2021-01-10,A
47237796,2515,321,46553.22,2024-04-16,A
19322956,1714,321,44295.79,2024-09-02,A
53995738,6319,322,33335.19,2023-07-16,A
23433419,6319,322,344.43,2024-12-30,A
83884042,6319,323,16617.35,2024-05-26,A
12653862,4522,324,40378.07,2021-05-19,A
76359158,1257,324,44400.58,2025-06-13,A
35338379,1714,325,19942.54,2022-02-10,A
50235754,7273,326,17583.75,2022-03-14,A
15526598,6891,326,41041.38,2022-01-30,A
48524666,6187,327,32126.94,2025-05-30,A
39419543,2515,327,21176.36,2024-06-07,A
51292413,4522,328,37094.93,2022-11-30,A
45878961,5981,328,4250.95,2021-04-22,A
76600213,1714,329,30671.52,2022-01-28,A
39396943,1257,330,49067.95,2022-12-06,A
56352153,5981,331,31654.73,2024-04-15,A
54995300,1971,332,7520.63,2022-04-26,A
77240821,4415,332,29214.94,2023-12-14,A
86853003,5772,333,13122.84,2022-10-26,A
70214805,1971,334,48849.25,2025-06-30,A
11446903,7273,335,17305.09,2022-01-20,A
58175495,5430,336,19364.07,2023-02-21,A
81949589,5772,337,17731.65,2023-10-16,A
40251937,8316,338,35928.89,2023-11-12,A
28363062,2199,339,14321.16,2024-03-14,A
85082995,6891,340,38133.87,2025-06-23,A
15564994,4415,341,19490.65,2023-01-13,A
72761616,1971,342,28546.95,2022-02-12,A
36556319,2515,343,33575.69,2025-01-12,A
68233507,3913,343,36469.9,2022-11-29,A
18485147,6319,344,9740.23,2020-09-30,A
10431228,5430,345,11698.23,2023-07-12,A
40485747,1714,346,6949.46,2024-11-27,A
55260386,4593,347,24796.55,2023-04-23,A
74653859,2199,348,9840.4,2022-12-04,A
33405032,6187,348,21341.11,2021-06-03,A
62454278,1722,349,45113.05,2023-01-06,A
41468129,4415,350,28747.91,2023-05-19,A
89183946,5981,351,23784.76,2020-10-12,A
14362261,4123,352,28215.54,2025-08-04,A
39578165,1257,353,41761.8,2024-09-13,A
81622676,4522,353,45563.85,2021-04-22,A
45144944,7273,354,45758.74,2024-04-12,A
16698934,1714,355,7740.16,2023-03-28,A
75596062,6319,356,16392.1,2024-02-20,A
22598111,6319,357,37619.94,2023-02-22,A
39813647,7273,358,43287.3,2024-07-09,A
77805296,3913,359,46021.22,2025-02-02,A
45154848,1257,360,15649.69,2022-12-28,A
38491560,1971,361,27113.31,2024-07-13,A
16875885,4593,361,44487.65,2024-01-06,A
60355335,5430,362,25983.54,2021-05-06,A
82777174,1722,363,4498.18,2024-06-26,A
97486496,4415,363,8914.24,2023-08-20,A
65785959,2199,364,46827.48,2022-10-29,A
65578734,5981,364,46238.68,2024-08-15,A
27632666,4593,365,46959.75,2023-12-11,A
41385480,4123,366,23390.9,2024-01-31,A
84283162,1714,367,39944.09,2021-03-20,A
59357629,6187,367,46357.25,2023-03-04,A
21694111,2515,368,14575.86,2025-01-23,A
60031940,8316,369,27991.47,2025-01-17,A
91729035,4415,370,13886.55,2025-07-03,A
14504087,2515,370,20622.92,2021-02-25,A
30018938,2199,371,41750.05,2024-06-30,A
73804147,5981,372,4712.31,2022-01-24,A
87425465,4415,373,28828.74,2021-07-31,A
11488873,1714,374,21684.06,2025-01-16,A
51347842,2199,374,7309.56,2023-06-29,A
15504228,4123,375,4896.16,2024-07-05,A
97216300,6187,376,39111.45,2025-06-05,A
61681710,4123,377,44760.57,2020-10-26,A
48930648,1971,378,21217.6,2022-08-27,A
58766793,4123,379,21288.53,2024-02-24,A
67499502,6891,379,46161.2,2020-12-05,A
55293238,1714,380,44336.82,2020-12-15,A
40587363,6840,381,15826.7,2022-10-03,A
69620458,1971,382,10420.71,2022-12-01,A
67016466,4522,383,48333.87,2024-12-23,A
42970199,7273,383,41906.58,2022-06-11,A
13630559,4123,384,31818.56,2024-01-07,A
74833468,8316,385,21326.08,2024-05-22,A
99371814,1971,385,28706.51,2022-06-10,A
12986769,2515,386,23487.88,2024-02-01,A
73216979,5430,387,44709.65,2021-09-01,A
83550461,4415,388,38881.51,2021-10-19,A
34566728,6187,389,25570.16,2022-03-16,A
66455962,1722,390,46245.15,2024-02-19,A
73803737,4593,391,39904.09,2025-07-14,A
96217855,1971,391,5879.47,2023-01-14,A
20909520,6319,392,8724.84,2020-10-13,A
78706154,4415,393,32288.51,2024-06-28,A
78194047,5772,393,28523.14,2024-12-16,A
67835480,4123,394,11219.37,2023-06-12,A
39263489,4593,395,17827.15,2024-12-01,A
54223450,4415,395,13809.27,2021-01-16,A
61970557,1722,396,27228.0,2024-08-25,A
37547678,2199,396,26180.52,2025-07-08,A
65661439,4123,397,28027.44,2022-05-20,A
50893447,2199,398,18512.07,2022-01-31,A
79127130,1257,399,9116.31,2024-12-05,A
74636286,1714,400,6396.06,2024-01-18,A
13230673,3913,401,4074.46,2023-04-29,A
95588023,2515,401,17443.21,2023-05-23,A
12940347,1722,402,31993.13,2023-03-22,A
86638551,6187,403,21658.87,2021-10-26,A
28656118,6840,404,7530.78,2021-08-25,A
71124266,4415,404,1077.85,2021-02-22,A
45213597,1714,405,9102.17,2025-06-02,A
66718726,3913,405,44859.34,2021-04-22,A
83157391,7273,406,25140.19,2024-01-23,A
69429182,2515,406,35133.82,2020-11-24,A
64644729,1971,407,35884.62,2023-12-21,A
37639825,4123,407,42634.64,2022-03-27,A
18213084,5772,408,28961.52,2021-03-28,A
63984939,1714,409,11847.34,2022-01-11,A
87561798,3913,409,8157.38,2020-10-09,A
73695246,5430,410,35696.75,2022-04-11,A
87875353,4415,411,13093.36,2025-08-04,A
33798326,6840,412,24366.23,2024-12-22,A
92639155,2199,413,19572.95,2021-04-29,A
86054522,1971,414,25593.73,2025-03-17,A
31439705,4522,415,8199.93,2024-10-26,A
26105863,1714,416,38571.83,2025-06-04,A
30658585,4593,417,49043.78,2024-03-16,A
53333288,4415,418,34863.31,2022-05-20,A
41323789,5981,419,41062.72,2024-08-03,A
22138251,1257,420,42086.48,2024-07-15,A
10815480,1971,421,11867.36,2025-03-09,A
66759152,4123,422,24623.43,2023-04-07,A
91972935,2199,423,9723.6,2022-11-17,A
33033865,5981,424,28000.56,2024-02-03,A
88827718,7273,425,5750.7,2023-02-17,A
31170843,5772,425,25369.9,2020-11-25,A
37681981,6187,426,14806.52,2025-03-14,A
99237139,1714,426,38157.08,2022-08-22,A
21690100,2199,427,37314.64,2022-08-31,A
53867043,2515,428,36195.14,2023-03-21,A
95863598,6319,428,48403.56,2020-10-22,A
25160526,3913,429,28956.14,2023-01-18,A
58156318,5772,430,17844.44,2025-06-16,A
91939357,1722,431,24163.61,2024-03-16,A
70349814,6840,432,23517.62,2020-11-15,A
61053921,6319,433,40329.3,2022-03-05,A
18524087,6187,433,10826.6,2023-07-16,A
82290772,2515,434,16270.26,2024-05-19,A
35481359,7273,434,42987.71,2020-08-30,A
59373927,3913,435,2574.34,2022-11-05,A
91504812,6319,436,36455.42,2025-02-27,A
31797774,7273,437,4698.61,2022-12-15,A
41138547,7273,438,49411.31,2025-06-03,A
78803991,6891,438,14984.77,2023-01-04,A
98407734,5430,439,43498.14,2022-09-25,A
17288491,5772,440,4260.82,2021-11-22,A
20112592,5981,440,44854.7,2024-08-10,A
82313451,1714,441,34065.24,2021-08-05,A
65604429,7273,441,47042.01,2024-08-27,A
77377022,5772,442,15569.62,2020-09-10,A
61856982,6187,443,45851.06,2023-11-08,A
96019216,5772,444,4287.96,2022-12-14,A
99029797,1722,445,10190.61,2022-07-14,A
25287101,8316,445,15852.04,2023-07-27,A
96597256,6319,446,10870.64,2025-02-18,A
87832640,1722,447,26105.46,2021-01-31,A
23818540,2515,448,42843.69,2023-11-16,A
97307475,6840,449,28152.12,2022-10-17,A
87969595,1714,449,16309.88,2021-11-07,A
97784963,1971,450,19780.25,2024-12-28,A
22502867,1722,451,48112.83,2023-06-10,A
10197662,5981,452,13093.87,2022-05-06,A
70232661,1714,453,30098.4,2021-01-15,A
25359560,4123,453,27197.73,2024-09-10,A
17301338,2199,454,30955.71,2021-12-21,A
65333444,2515,455,32042.98,2023-03-08,A
15708452,2199,456,28634.1,2024-06-10,A
16432263,1722,456,34396.3,2022-05-18,A
14172537,6840,457,11888.54,2025-01-04,A
94436892,2515,458,21162.49,2025-03-26,A
14220539,4593,458,13861.71,2025-01-18,A
95982813,8316,459,25624.89,2021-03-15,A
70969959,4123,460,32961.42,2022-01-01,A
63970447,4123,461,27981.39,2021-12-03,A
80959857,8316,461,9431.63,2022-01-20,A
90616304,5430,462,6293.1,2024-03-04,A
83855692,8316,463,43052.44,2022-02-15,A
97413588,5981,464,32752.07,2023-03-01,A
50150882,6319,465,7609.45,2025-02-15,A
53788396,5430,466,48853.61,2020-11-25,A
98652603,4123,467,12870.39,2020-10-22,A
71423841,3913,468,6061.47,2021-11-24,A
79302000,2515,468,22228.01,2024-12-18,A
98552975,3913,469,42487.25,2025-07-29,A
55483577,1971,470,37335.95,2025-06-14,A
34676025,2199,471,38255.24,2024-08-13,A
94737809,4593,472,35207.3,2022-12-28,A
21920858,2515,473,29939.09,2021-04-14,A
66230298,5772,473,47560.67,2025-03-28,A
10292894,6319,474,11733.28,2024-03-30,A
89502034,4415,475,30422.59,2021-08-08,A
90509268,6187,476,44462.21,2023-12-02,A
24787933,5981,477,3934.25,2022-02-07,A
73384034,7273,478,40874.75,2024-02-06,A
62601689,1257,478,35163.29,2021-10-09,A
12087889,3913,479,17285.37,2025-05-21,A
14441749,3913,480,43568.09,2025-02-26,A
27913889,1257,481,49354.86,2020-10-15,A
42226715,4123,482,12573.75,2021-08-31,A
71242137,1257,483,2959.94,2021-02-16,A
95309140,4123,484,29958.01,2022-02-19,A
66543141,4522,485,39041.71,2022-04-20,A
45508991,6187,486,43740.87,2023-01-12,A
46147988,4593,487,18755.86,2022-07-03,A
53763511,2515,488,27225.65,2023-11-22,A
94585900,4123,489,25798.51,2022-03-18,A
96157718,6187,489,31819.23,2022-10-19,A
54829778,6319,490,28268.12,2025-01-31,A
75035598,5430,491,26688.14,2020-09-11,A
20901565,6840,492,9646.07,2022-03-02,A
11469955,2515,493,42392.13,2023-02-27,A
98841927,1714,494,41257.34,2021-11-10,A
50031322,4593,495,13994.59,2022-01-10,A
98265529,5772,495,48357.24,2023-10-29,A
38850050,3913,496,47421.07,2024-02-12,A
90083793,3913,497,39991.77,2020-10-20,A
88593456,1714,498,11286.93,2021-05-30,A
30966164,5981,499,7128.29,2022-07-17,A
71542767,4415,500,10990.82,2023-09-29,A
43372435,2515,501,20397.18,2020-09-20,A
34513473,8316,501,36588.53,2025-05-02,A
45736829,3913,502,36632.22,2025-06-29,A
70579061,4522,503,13344.6,2024-02-03,A
17891837,1971,504,23833.08,2022-10-09,A
91878836,6187,504,35437.95,2023-11-07,A
97110687,6840,505,10262.46,2024-06-18,A
10103235,6840,506,18096.7,2021-10-07,A
49412227,2199,507,37805.85,2022-09-15,A
60389714,2199,508,9797.72,2023-05-09,A
27845268,6891,509,42103.74,2023-04-08,A
15640988,4415,510,40645.73,2023-08-22,A
57628477,1714,511,21007.74,2022-07-15,A
67031028,5772,511,42444.37,2022-10-27,A
77274241,6319,512,9350.53,2021-04-26,A
81509657,4415,512,2305.26,2024-05-20,A
59286995,4522,513,15858.14,2023-01-05,A
12183498,4593,514,19719.14,2022-09-18,A
63701561,6187,515,33213.68,2022-12-17,A
78453832,1971,516,13678.19,2025-04-18,A
29712584,5430,517,40204.78,2021-08-28,A
57281975,8316,517,45142.89,2025-06-29,A
70635467,2199,518,7537.4,2024-11-19,A
43389301,5772,518,30002.82,2025-01-18,A
59585220,4522,519,28973.75,2022-12-30,A
63695915,8316,520,29943.2,2024-02-22,A
30437354,4522,521,7334.55,2022-04-29,A
27068887,5981,522,35049.19,2022-08-11,A
67430092,5981,523,46539.2,2020-12-21,A
61158360,6187,523,14510.7,2024-01-28,A
72222360,1722,524,32677.51,2025-02-22,A
64727631,5981,524,45914.14,2023-01-22,A
88558599,5981,525,31729.47,2021-04-09,A
27360763,5981,526,43096.35,2023-10-26,A
88044498,7273,527,41561.46,2023-04-15,A
86094420,2199,528,9963.8,2024-10-07,A
99466466,8316,529,38005.2,2022-02-16,A
28104420,5981,530,43553.94,2021-01-27,A
44436550,6891,531,23972.1,2022-03-24,A
91179203,4593,531,32766.97,2025-02-08,A
61935763,8316,532,42368.07,2022-03-20,A
32251361,2199,533,36875.23,2024-02-21,A
85655250,4593,533,33389.15,2021-09-28,A
11487083,5772,534,7371.33,2023-11-29,A
65962468,4522,535,18476.41,2024-01-13,A
19753797,5430,536,15257.69,2024-07-03,A
86396187,5430,536,41158.18,2025-08-10,A
64785183,4522,537,37605.48,2022-02-24,A
35386450,8316,538,42207.57,2023-07-31,A
60594089,7273,539,42115.84,2021-12-16,A
88918373,1722,539,33624.88,2025-04-23,A
43279063,1722,540,4322.67,2022-06-24,A
53032386,2199,541,18291.09,2025-05-07,A
74083494,5981,542,15158.48,2024-01-18,A
84622089,5430,543,30846.31,2025-01-09,A
72275859,2515,543,21682.65,2024-11-10,A
70524116,4415,544,370.29,2022-03-28,A
59951669,4123,545,33362.99,2024-05-02,A
11658569,4522,546,23836.4,2023-03-17,A
26296454,5772,547,912.25,2022-09-30,A
44199609,3913,547,31842.83,2025-02-10,A
33174916,1714,548,17556.26,2021-01-22,A
80230407,1722,549,43713.24,2022-10-14,A
91605547,6187,550,12906.11,2022-09-30,A
22837341,6319,551,12526.35,2023-06-07,A
36862613,4415,552,7443.72,2025-02-19,A
35447599,6840,553,43229.72,2021-05-13,A
30771252,1714,554,28725.07,2021-09-19,A
64016050,1971,554,40313.66,2020-09-23,A
13936735,4123,555,40173.74,2020-09-06,A
18925280,6891,556,46480.76,2023-02-09,A
49928545,4123,557,34400.95,2021-01-25,A
97559812,4123,557,45145.04,2024-08-12,A
63538936,6891,558,7654.07,2021-11-23,A
92804244,4415,558,22283.77,2021-03-21,A
50930993,8316,559,47438.11,2022-07-29,A
14530614,4593,560,38681.69,2023-01-24,A
85701885,1971,561,43223.85,2021-03-31,A
39222844,4123,562,3292.4,2023-03-15,A
25865713,8316,562,48489.01,2020-10-14,A
37397226,1722,563,8282.76,2025-01-14,A
87163353,4522,564,49583.63,2024-11-11,A
53137197,4593,565,6138.65,2021-12-10,A
95304463,8316,566,5807.66,2025-04-08,A
73092709,6891,566,417.88,2021-10-09,A
14452272,1971,567,628.33,2025-03-29,A
68355014,1714,568,581.75,2023-06-06,A
61505306,5772,568,47319.02,2023-03-05,A
31443818,6319,569,15835.07,2021-10-18,A
49842729,4415,570,25398.78,2020-09-28,A
54225616,6891,570,10680.2,2021-12-07,A
17464009,1971,571,28989.34,2025-01-21,A
34515063,4415,572,37029.36,2022-08-19,A
55209042,4522,572,6855.51,2022-08-15,A
14158097,7273,573,8074.57,2025-06-30,A
75025705,5981,574,20517.39,2024-04-10,A
67459568,4522,575,19178.23,2021-07-07,A
93535134,1714,576,32872.6,2022-11-12,A
84987352,3913,576,3725.24,2024-01-20,A
26790953,6891,577,8621.92,2025-06-24,A
83175374,1714,578,41030.12,2020-12-07,A
97112002,6891,579,18728.27,2023-10-17,A
63995555,4123,580,33759.11,2025-03-09,A
27677627,2515,580,34539.87,2020-09-06,A
21432003,6319,581,35617.76,2024-09-04,A
98433612,7273,582,36176.35,2023-09-30,A
43018218,4593,583,18814.87,2020-09-01,A
70206033,2199,583,34165.03,2024-02-14,A
64900439,2515,584,779.94,2021-07-02,A
80624331,4123,584,21798.6,2024-04-22,A
86755219,6187,585,33758.94,2023-06-25,A
74463687,2515,586,42532.95,2021-12-12,A
97461289,4123,587,5009.11,2023-02-12,A
10902958,4522,587,43697.9,2023-04-12,A
43273757,4522,588,4882.06,2023-04-05,A
75867688,6187,588,15000.45,2022-11-02,A
26175380,8316,589,8576.02,2022-01-13,A
52679582,5772,590,30991.41,2022-07-25,A
19736503,6891,591,25335.66,2022-04-19,A
74714670,1971,591,43740.71,2023-05-01,A
64318477,3913,592,12935.34,2021-06-21,A
11708958,1971,592,17634.78,2021-02-01,A
76598922,7273,593,7083.56,2024-10-24,A
76554287,5981,594,10969.96,2022-04-26,A
96216581,7273,595,4305.08,2022-02-01,A
19834748,1257,595,39773.01,2024-11-13,A
56924109,3913,596,32884.55,2021-03-04,A
40300423,4415,597,25167.13,2024-03-17,A
21564332,8316,597,49437.82,2025-07-17,A
99018687,1722,598,32578.6,2022-03-04,A
16038255,7273,599,34649.78,2021-11-22,A
54765093,1257,599,2381.71,2025-08-11,A
90211229,8316,600,10031.17,2021-04-01,A
89293994,1714,600,42655.76,2022-05-02,A
79207547,5430,601,44234.5,2024-10-06,A
35954518,6840,602,15715.66,2022-06-07,A
71689400,3913,602,31438.95,2020-12-27,A
35484900,1971,603,43502.27,2023-03-08,A
34675726,2515,604,49260.82,2023-02-23,A
51675798,4522,605,4584.26,2022-12-26,A
70203892,6187,606,2349.49,2023-01-31,A
83813063,7273,606,30684.84,2020-08-24,A
46364093,1971,607,39358.98,2024-11-03,A
67881652,4415,608,32073.88,2020-11-11,A
69583471,1257,609,14609.09,2025-03-11,A
65832266,5981,610,3140.71,2021-09-27,A
40265112,4415,611,5160.83,2023-04-30,A
18816617,4123,611,10027.02,2020-09-08,A
73140855,7273,612,11856.69,2024-02-29,A
53131238,6187,613,45851.14,2021-04-17,A
91644753,1257,614,10905.07,2021-04-02,A
73245675,4123,615,12132.46,2020-12-07,A
84808012,3913,616,37233.33,2023-09-08,A
22056566,1257,617,28567.1,2024-10-03,A
42063578,5430,618,15365.88,2022-01-23,A
82237712,7273,619,912.83,2023-08-07,A
20530320,2515,619,20563.12,2022-12-04,A
57201053,2199,620,14644.64,2023-11-28,A
35848410,1257,621,37422.21,2022-10-27,A
14971344,6891,622,46771.33,2021-04-08,A
84939715,6187,623,24809.69,2023-08-28,A
78301185,5430,624,12685.19,2020-08-28,A
56212929,4593,625,49197.34,2023-08-04,A
83096187,6187,626,28450.97,2021-04-26,A
22809228,1257,627,18333.96,2023-05-18,A
70651881,3913,628,16832.43,2022-11-11,A
46406358,1722,629,38722.09,2023-12-26,A
99801979,1257,630,18043.16,2023-10-04,A
43403619,1714,631,23717.44,2021-08-22,A
63468541,4415,632,17369.46,2021-01-16,A
96786855,4415,633,24761.25,2024-10-30,A
73457455,5772,634,11395.39,2020-09-01,A
16788521,6840,635,30199.84,2023-01-26,A
11517722,4522,636,2476.3,2025-08-24,A
42994737,8316,637,46835.76,2020-10-02,A
51806457,1722,638,28829.11,2023-05-11,A
51843482,1971,638,10492.68,2021-08-23,A
82420697,1714,639,37418.08,2022-12-30,A
12466248,5772,640,37893.62,2022-10-05,A
91095288,6319,640,45029.12,2025-04-16,A
30080491,4123,641,4656.41,2022-02-28,A
20930007,4522,641,31416.38,2025-03-27,A
13239162,1257,642,34761.64,2022-06-04,A
88996038,2199,642,39003.03,2023-11-25,A
62835646,6187,643,23981.78,2022-01-04,A
15356036,6840,644,43761.91,2022-09-04,A
78953219,1971,645,15051.34,2023-10-22,A
83012855,1714,646,14345.17,2025-05-13,A
63598533,4415,647,49599.12,2023-01-06,A
94334639,6840,648,19283.54,2020-10-28,A
98593293,3913,649,14688.89,2024-06-05,A
81696184,5772,650,5012.18,2025-03-30,A
11670685,4593,651,49155.98,2021-12-07,A
62578740,6319,652,12068.46,2023-05-20,A
31132291,5430,653,35561.52,2023-07-09,A
22152478,5430,654,29372.21,2023-11-24,A
47914435,1722,654,35079.54,2024-05-13,A
90572667,6840,655,745.55,2022-05-28,A
37343329,4415,655,40956.11,2022-08-29,A
55975718,1722,656,31281.3,2024-03-13,A
27737027,1971,657,33251.8,2022-05-07,A
17448247,2515,657,7512.75,2022-04-05,A
91188491,6840,658,25284.7,2024-08-18,A
50262775,1971,658,49524.08,2022-11-21,A
12773612,6319,659,6007.99,2024-12-04,A
78079093,7273,660,44423.72,2021-02-05,A
67982400,5430,660,27575.38,2024-10-16,A
15713849,1971,661,21990.86,2024-12-11,A
91217712,1714,662,41277.52,2025-05-24,A
74822857,1722,663,4642.41,2021-01-03,A
90071728,1971,664,32878.39,2022-01-28,A
15506452,5430,665,17780.25,2021-08-24,A
90461541,5981,666,39376.01,2021-06-07,A
82591844,8316,667,292.22,2023-01-17,A
39844366,6187,667,37695.92,2021-04-26,A
22331322,6319,668,41341.22,2022-05-06,A
29496391,5430,669,3968.78,2023-12-18,A
60811116,1971,669,13220.37,2021-07-01,A
22918256,6187,670,14080.51,2023-07-01,A
82090202,1257,670,20072.5,2022-12-28,A
84295529,1722,671,30673.72,2023-07-11,A
85279665,1257,672,44244.78,2021-01-17,A
56024631,6319,673,44602.81,2022-01-12,A
63598601,8316,674,30499.92,2022-09-11,A
35027676,5981,674,10666.41,2021-08-29,A
24957006,4123,675,13426.84,2024-01-28,A
14341749,6840,676,31038.36,2023-02-27,A
71045153,4593,677,24918.19,2021-12-30,A
29695117,5430,677,31791.28,2020-10-19,A
52082552,6891,678,15393.72,2022-07-26,A
90613810,3913,678,36012.85,2024-08-24,A
10940923,8316,679,4667.0,2024-09-11,A
74076489,5430,680,47947.49,2022-12-19,A
58769147,5430,680,8197.09,2023-01-06,A
49764133,6319,681,28144.2,2024-09-24,A
17610836,5981,681,27752.36,2025-03-03,A
28466565,6891,682,14119.71,2022-04-27,A
20727789,1257,682,17868.84,2024-06-02,A
18525970,7273,683,24054.4,2023-02-08,A
62398803,5430,684,2212.61,2021-04-09,A
92891069,1971,684,34664.68,2025-07-07,A
55494237,2199,685,42985.15,2022-09-20,A
87387135,2515,686,44824.46,2022-12-18,A
66535801,5981,686,36323.08,2024-10-11,A
62007481,5981,687,49195.65,2024-02-13,A
27753048,2515,688,30149.19,2024-02-10,A
34132613,6840,689,15311.9,2022-10-04,A
53851194,5430,690,37417.02,2025-07-19,A
60456057,5430,691,40907.54,2020-09-01,A
58761580,5772,692,39148.7,2022-08-15,A
11826627,4593,693,48436.96,2021-10-26,A
61588906,5430,694,36174.27,2021-04-09,A
81755558,4123,695,25366.94,2023-03-17,A
12207060,8316,696,29160.02,2021-10-01,A
60193443,4522,697,25033.99,2024-10-12,A
84561170,3913,698,17429.71,2024-06-17,A
10796939,8316,698,10371.77,2022-06-26,A
62111591,1714,699,7422.04,2025-01-16,A
63859530,1257,700,31925.0,2021-01-21,A
54378299,6187,701,23989.83,2021-02-01,A
62797325,5772,702,30068.08,2022-08-28,A
15574056,4593,702,21397.21,2024-01-07,A
63124684,6187,703,48542.38,2022-09-04,A
68246831,1257,704,47482.28,2020-09-18,A
59790022,4415,705,43243.9,2021-01-07,A
27349748,5981,706,41205.34,2025-02-28,A
96043099,6319,707,44588.84,2021-05-23,A
96836098,1257,707,1968.78,2024-04-17,A
45699484,5430,708,12606.81,2020-09-17,A
93730965,5772,708,31817.13,2025-04-13,A
88888932,6187,709,44676.55,2021-09-02,A
11469548,6891,710,22358.65,2022-06-27,A
88737711,2199,711,10469.36,2021-01-07,A
89505910,3913,712,22965.77,2021-08-26,A
32133685,8316,713,13663.85,2021-02-22,A
41844175,7273,714,46753.37,2020-11-21,A
29214931,5430,715,19457.36,2023-10-01,A
28153701,7273,715,40637.31,2020-11-04,A
91645992,5981,716,36571.19,2022-11-16,A
55495302,1714,717,49043.19,2021-12-28,A
36847704,5981,718,43894.66,2024-07-23,A
59798459,6187,719,4736.33,2025-06-25,A
72745566,4123,720,7298.0,2023-10-07,A
41039891,2199,721,39173.73,2021-08-07,A
87105145,6319,722,7580.71,2022-03-26,A
62670144,2199,723,41212.09,2020-12-31,A
16649010,6319,724,35319.01,2025-03-08,A
67765028,4123,725,7561.38,2021-01-04,A
27857392,1971,726,2421.6,2024-08-02,A
56817408,1714,727,32133.19,2024-11-02,A
49631241,1971,728,28227.98,2023-05-20,A
44599931,6187,728,13964.11,2022-12-21,A
94579246,1257,729,8905.56,2021-10-23,A
15884742,3913,730,27536.05,2023-05-12,A
48363450,5430,731,3611.71,2025-05-20,A
91198356,2515,732,5154.56,2023-01-15,A
48294101,1257,733,13734.0,2023-06-13,A
40216310,4593,734,41914.05,2025-01-06,A
22155152,4522,735,14130.67,2021-09-14,A
84818054,8316,736,882.14,2020-10-13,A
94640612,1257,737,36219.6,2025-06-02,A
26210228,6187,737,24011.46,2025-04-22,A
89892158,7273,738,34523.95,2023-12-16,A
56689082,2199,739,28303.64,2023-08-17,A
81053861,5430,740,21009.71,2022-06-11,A
48036435,1714,740,35867.31,2023-01-20,A
54314842,1722,741,19982.97,2024-01-12,A
64511783,4522,742,14813.51,2021-12-24,A
32531664,7273,743,37633.69,2023-10-20,A
30053210,3913,743,30697.06,2021-09-11,A
76212752,6187,744,10209.49,2024-11-09,A
17024006,4415,745,17174.11,2023-04-29,A
64680466,6187,746,32104.33,2023-11-17,A
11620224,3913,747,28395.58,2022-08-23,A
64813017,6840,748,13377.55,2021-07-08,A
66371321,5772,749,28287.97,2021-10-31,A
51553395,4123,750,32439.86,2025-04-03,A
66781775,6840,751,24669.48,2020-11-26,A
70081888,5981,752,4060.74,2020-09-25,A
49773100,5981,753,46215.57,2024-06-18,A
95945916,3913,754,17600.22,2021-12-16,A
66586109,1722,755,6177.54,2024-02-06,A
12152239,6187,756,35623.59,2021-10-05,A
36406040,3913,756,39701.57,2023-08-26,A
18440661,5430,757,11796.7,2023-10-05,A
77641423,6319,758,28226.78,2023-10-02,A
13647117,5772,758,9476.72,2021-04-01,A
60259012,7273,759,40417.47,2022-05-04,A
10586267,3913,760,5262.99,2021-03-22,A
69219422,5772,761,49930.22,2022-08-09,A
95202538,5430,762,27573.05,2021-05-31,A
66795633,4123,763,6742.21,2024-11-15,A
22601623,5430,764,33199.18,2023-05-02,A
66807216,2199,765,30739.82,2021-02-07,A
56554895,3913,766,37398.24,2025-02-14,A
69060861,6187,767,28514.73,2025-07-06,A
18299806,1257,768,1791.06,2023-10-28,A
27307181,7273,769,17061.62,2022-03-03,A
44314112,5981,770,18294.4,2023-03-20,A
20073485,5430,771,4782.18,2022-06-04,A
42922931,4522,771,37956.28,2023-06-04,A
51284130,6891,772,29277.26,2024-05-29,A
86123950,6840,773,5048.8,2022-11-26,A
17598656,6891,774,12036.19,2023-11-03,A
45462260,6187,775,38840.32,2023-10-03,A
38694966,4123,776,38701.68,2021-06-21,A
52932757,4522,777,14389.23,2024-08-15,A
88319351,2199,777,2977.53,2021-02-09,A
52858123,4593,778,13086.63,2024-07-23,A
26523308,4522,779,8208.02,2025-07-08,A
20730964,5981,779,30651.34,2025-02-09,A
95526893,4415,780,47482.41,2025-07-17,A
81339017,8316,781,16205.14,2024-01-12,A
68348100,6319,782,11533.59,2023-03-15,A
64306604,4593,783,4218.57,2025-08-02,A
38831052,4123,784,7294.73,2024-04-19,A
54304966,7273,785,46698.86,2023-12-13,A
26516208,5430,786,30794.02,2025-05-10,A
41548073,6840,787,39239.59,2022-04-21,A
53254231,2199,788,22721.36,2024-11-08,A
45412428,8316,788,23323.47,2025-05-28,A
71740969,6891,789,26649.5,2024-01-06,A
83408858,4522,789,25236.59,2020-09-14,A
60231698,6891,790,29643.98,2024-08-19,A
16600294,5430,791,49718.89,2022-03-24,A
42599792,2515,792,35346.14,2024-09-17,A
73625618,8316,793,26063.71,2021-05-26,A
82754180,3913,794,27726.3,2022-11-26,A
42797531,7273,795,5399.01,2020-09-11,A
96219997,7273,796,37956.55,2021-07-01,A
85653426,5981,797,39265.61,2022-03-23,A
32003977,5772,797,11411.98,2020-11-11,A
90996371,6187,798,7046.85,2023-09-16,A
68047375,6319,799,17539.28,2024-10-20,A
42466665,7273,800,5472.74,2022-06-29,A
35454891,4415,800,31690.86,2021-11-13,A
91027831,6891,801,20255.49,2024-09-20,A
38548302,8316,801,25232.53,2021-10-12,A
38230458,5981,802,19236.18,2025-06-16,A
64341068,5981,803,19205.67,2023-02-08,A
44772628,7273,804,28389.35,2020-12-26,A
34970308,5981,805,5770.33,2025-05-31,A
27900806,5981,806,11043.3,2023-05-21,A
42222061,1257,807,22718.51,2022-01-15,A
62986889,8316,808,19781.91,2024-07-23,A
60474195,5772,809,36407.81,2022-03-27,A
44666735,2199,810,22087.19,2022-01-19,A
68961318,2515,810,12804.24,2024-09-02,A
41776998,6891,811,27448.84,2022-01-01,A
40042541,8316,811,49158.1,2025-03-12,A
55385422,2199,812,34274.18,2021-11-04,A
16272544,1722,813,30942.68,2021-10-22,A
41983879,3913,814,8687.88,2022-03-13,A
12911328,7273,814,22350.88,2025-07-16,A
22605827,1722,815,11703.69,2022-10-13,A
10017850,3913,816,47780.39,2021-03-14,A
66811657,4415,817,42840.55,2022-04-02,A
40595359,5981,818,29390.72,2022-02-19,A
79292008,5981,819,46620.15,2023-01-07,A
49370768,4593,819,26208.51,2021-10-27,A
38510236,5772,820,43381.45,2023-03-04,A
76389996,1971,821,38846.1,2021-03-31,A
91154743,6187,821,11921.37,2025-02-10,A
30045524,3913,822,7551.25,2020-09-21,A
74863590,4593,823,41227.58,2023-06-19,A
53094912,5772,824,49625.43,2021-05-12,A
54057731,1722,824,33618.33,2022-12-06,A
55915416,6319,825,22491.24,2021-09-22,A
62211236,1971,826,18065.85,2021-02-18,A
69400145,3913,827,10846.54,2023-05-26,A
68574966,3913,828,23470.07,2025-06-24,A
91785816,8316,829,45523.58,2021-03-27,A
37077018,5772,830,29068.5,2025-05-02,A
39680536,6840,830,21490.7,2021-09-14,A
13953310,6891,831,4638.33,2020-09-04,A
62794229,4522,831,37012.87,2023-01-24,A
42998085,1714,832,1480.93,2022-06-18,A
30766900,8316,832,13744.19,2022-03-19,A
68048625,4123,833,30035.52,2021-12-04,A
27217582,1971,833,9287.96,2024-11-01,A
70317489,6891,834,44376.3,2024-08-15,A
72661174,7273,835,1432.83,2022-07-03,A
37347134,1714,836,17335.37,2021-04-15,A
65588616,5981,836,47581.62,2024-12-13,A
14532520,7273,837,29370.84,2024-01-13,A
63929902,6840,837,33061.88,2023-03-10,A
74175195,6319,838,17301.85,2020-11-19,A
69451721,6319,838,35469.05,2020-09-03,A
37828082,1971,839,49397.93,2025-05-25,A
58520544,2199,840,30824.85,2021-02-02,A
41949215,7273,840,22224.66,2023-11-12,A
14637652,4415,841,1690.05,2023-06-30,A
92458362,1714,842,21874.47,2023-04-24,A
32745303,6840,843,31030.86,2024-12-05,A
50833796,3913,844,45865.38,2021-10-18,A
94580589,3913,845,23882.72,2023-02-03,A
21383588,8316,846,1255.17,2020-12-18,A
95941380,4415,847,16828.3,2024-09-01,A
49931273,1714,848,47786.69,2021-02-06,A
27753840,1714,849,6747.39,2024-11-12,A
46272158,1714,850,30021.54,2020-10-20,A
96973592,6319,851,37475.74,2024-05-04,A
73517577,5981,852,44100.76,2023-10-07,A
77959744,6319,853,27775.9,2022-01-24,A
67448896,6840,854,7116.22,2024-07-02,A
66404731,1714,855,28702.0,2021-10-25,A
59828367,6840,856,43329.03,2025-06-27,A
10324854,4593,857,37197.5,2024-04-20,A
31461553,2199,858,40882.07,2020-10-05,A
15370027,6840,859,22824.93,2022-09-24,A
64336432,4593,860,38271.73,2022-04-09,A
78230475,1257,860,38810.94,2023-09-06,A
95133330,1971,861,48064.67,2024-01-29,A
45214993,5772,862,8891.39,2024-02-23,A
19525938,7273,863,47900.0,2023-01-19,A
86997569,1722,863,21616.62,2024-06-15,A
45871807,5772,864,38215.82,2023-04-29,A
89861240,6319,865,21102.7,2024-10-11,A
96662893,4123,866,10423.79,2025-08-19,A
38033490,2515,867,18370.94,2021-07-14,A
80158105,4522,868,44191.73,2022-07-01,A
88795817,1714,868,49101.37,2025-07-02,A
75015772,3913,869,2634.4,2025-07-13,A
82703520,3913,870,43674.11,2023-01-04,A
90283262,4522,870,34709.83,2021-04-21,A
44586225,1722,871,32380.92,2024-12-13,A
67344434,4593,871,48584.56,2020-12-08,A
89091461,1971,872,19559.84,2023-04-29,A
52088357,1257,872,41832.78,2020-10-07,A
47862236,5772,873,27458.16,2022-05-30,A
29182726,1714,874,2365.45,2024-03-11,A
68588535,5430,874,41422.99,2023-03-03,A
39055218,4522,875,43441.64,2021-09-24,A
27688295,5430,876,19581.23,2022-07-16,A
89252562,5981,877,33217.64,2022-11-01,A
61137762,6840,878,1258.5,2021-07-05,A
27550618,6891,878,28247.7,2021-07-03,A
31065267,4123,879,42780.55,2025-04-22,A
88614521,4415,879,7354.2,2025-03-09,A
97364536,4123,880,14357.01,2021-04-12,A
98655223,1714,881,37969.17,2021-07-14,A
54230687,6840,882,30513.31,2023-02-05,A
85482020,2515,883,4812.61,2023-07-14,A
40598747,5430,884,25782.61,2022-10-14,A
12185553,3913,885,33190.32,2020-09-05,A
19829329,5981,886,39237.1,2022-03-13,A
70455694,4415,887,43597.59,2024-05-12,A
31924339,5981,888,37639.91,2021-10-25,A
35918591,2515,889,32019.21,2025-02-28,A
50827124,6187,889,44150.96,2024-11-17,A
50288298,4593,890,2812.14,2022-02-11,A
95493329,6891,891,20968.23,2022-01-08,A
55769312,2199,892,36357.97,2024-01-11,A
71887143,1971,892,31820.12,2024-12-06,A
75994209,6891,893,47148.36,2021-03-11,A
78906283,4415,894,40472.38,2024-11-28,A
80646239,8316,895,11822.1,2021-11-06,A
27282930,7273,896,28929.59,2022-05-23,A
70431696,1257,897,22697.03,2025-02-12,A
96296633,5981,898,2308.75,2025-04-16,A
97098117,7273,899,21540.31,2024-10-02,A
17758935,3913,899,291.9,2023-06-14,A
98216545,6840,900,435.98,2025-04-18,A
48939663,4123,901,22595.38,2021-03-21,A
62067464,5430,902,11099.47,2025-02-01,A
16640542,1714,902,41174.95,2023-12-01,A
20339458,4415,903,21969.88,2022-05-07,A
44281600,1971,904,13710.7,2025-07-17,A
96226007,4522,905,40286.95,2023-10-17,A
63796351,6891,906,11021.47,2023-04-01,A
72751972,4522,907,44645.08,2025-07-15,A
90457943,4593,908,40962.99,2025-03-17,A
46375503,1722,909,5142.54,2023-12-23,A
13288524,1971,910,31028.54,2023-05-29,A
79164260,6840,911,21713.16,2024-04-15,A
69568885,6891,911,45742.88,2022-12-08,A
86150979,5430,912,39239.29,2023-12-08,A
35876875,1722,913,7622.9,2025-04-02,A
42405779,4522,914,13722.69,2020-09-04,A
93335181,5430,915,49571.38,2024-06-05,A
30691715,6319,916,31745.14,2022-05-11,A
63012172,7273,917,36113.02,2021-08-29,A
16804206,6187,918,15060.78,2025-04-07,A
17966355,5981,919,18603.5,2025-07-12,A
28885625,4415,920,44248.59,2024-03-12,A
21230536,3913,921,7497.51,2023-11-30,A
63791255,6840,922,11604.32,2021-10-09,A
10994421,6319,922,4503.3,2021-06-27,A
66196246,6187,923,16034.81,2023-05-23,A
57825619,2199,924,4896.09,2023-05-11,A
70346785,7273,924,30399.67,2024-12-14,A
64539646,1257,925,20919.9,2023-01-04,A
54364861,5772,925,30772.27,2024-11-22,A
99323198,4593,926,23852.16,2025-02-03,A
63498812,6187,926,41988.44,2023-05-22,A
53993654,7273,927,49658.59,2023-09-11,A
76240805,1722,927,27976.31,2023-08-22,A
23405143,4593,928,32353.1,2022-02-09,A
44194073,3913,929,9695.82,2024-08-24,A
67841585,6840,930,23720.26,2022-12-25,A
10767842,1971,931,29609.89,2020-09-14,A
17020005,2199,932,43052.0,2023-12-07,A
80299876,4522,933,40864.1,2024-06-10,A
55309017,4522,934,27123.23,2025-01-28,A
65690277,2199,934,44127.5,2025-02-28,A
27823096,7273,935,9342.71,2023-02-14,A
17716155,3913,936,606.96,2023-09-08,A
19568531,8316,937,10788.85,2024-03-04,A
61353651,7273,938,41035.75,2023-08-25,A
44273033,8316,939,2758.82,2023-05-31,A
24295715,8316,939,30767.35,2021-12-15,A
33504891,5772,940,18400.05,2022-10-30,A
50605773,1722,940,41434.8,2022-11-09,A
19222246,8316,941,7293.77,2025-01-01,A
89017790,4522,942,23225.42,2024-08-30,A
49742688,4123,943,47734.02,2020-09-08,A
29289811,7273,944,23494.36,2022-05-12,A
37057075,6891,945,5077.38,2025-02-23,A
64564323,1714,946,40249.56,2025-03-11,A
67149990,1971,946,12711.53,2020-10-15,A
78794462,1257,947,31431.34,2022-08-19,A
52718471,5430,948,41248.0,2024-08-23,A
15623260,5772,948,47760.58,2021-03-09,A
70751681,4593,949,17159.2,2020-10-24,A
42903530,4522,950,11196.2,2024-02-13,A
36036342,6319,951,44003.54,2021-01-12,A
93511739,6319,951,49123.44,2023-03-08,A
45940979,2515,952,9610.8,2021-12-15,A
38475735,6187,953,34989.22,2025-01-02,A
96300355,4123,954,18509.53,2024-02-22,A
18155490,4415,954,38291.68,2022-02-13,A
16069615,5430,955,37607.34,2023-06-23,A
16511082,7273,956,32142.48,2025-03-30,A
92069244,1971,957,33115.82,2025-03-12,A
39976031,7273,958,44069.15,2020-11-26,A
91700119,5772,959,7729.42,2023-01-04,A
19282918,5772,959,2703.01,2022-06-15,A
46119979,1257,960,28273.94,2025-07-25,A
11626180,4123,961,6370.62,2025-08-12,A
68150952,1714,962,14997.18,2021-03-17,A
91524118,1257,963,32739.85,2024-09-09,A
90044318,5981,963,13789.71,2024-10-08,A
87290137,5430,964,49245.13,2024-10-14,A
28109926,4415,965,46863.32,2022-12-19,A
55182432,7273,966,45271.59,2021-12-11,A
84522873,1257,967,9268.23,2022-12-06,A
24698972,6840,968,18462.43,2022-06-06,A
58664468,3913,969,15918.72,2023-12-16,A
91791329,2199,970,23863.09,2022-12-11,A
80682648,2199,970,41806.91,2020-10-03,A
50107493,4415,971,21225.22,2023-05-08,A
15669002,4522,971,49256.2,2024-08-04,A
37466847,2199,972,17176.87,2023-08-28,A
60686092,4123,973,11318.74,2024-10-31,A
50151920,6891,974,18138.81,2024-12-23,A
11900620,4123,975,29816.96,2025-07-09,A
53200401,2199,975,23025.78,2024-11-19,A
95928848,4522,976,18418.53,2022-07-17,A
86911749,6187,976,27215.62,2022-10-13,A
12528463,6187,977,5284.45,2023-07-06,A
88447306,6891,978,41690.19,2025-04-24,A
16060922,6891,979,4141.53,2021-11-03,A
98296620,1971,979,4407.82,2024-04-27,A
10146265,4415,980,34456.56,2022-01-29,A
92811164,4593,980,17529.18,2022-10-12,A
46274334,3913,981,38574.84,2021-11-24,A
97331933,6187,982,44557.86,2021-01-08,A
41308738,5981,983,40826.27,2021-05-30,A
57482773,8316,984,18259.48,2025-02-27,A
90592995,6319,984,29679.43,2021-11-01,A
54576867,4593,985,39284.12,2025-01-27,A
47630177,1257,986,32936.19,2020-10-17,A
72900310,4593,987,33879.44,2022-04-10,A
51899943,4123,988,37420.93,2021-12-14,A
15485347,2199,989,24393.83,2022-07-31,A
22934433,4123,990,28652.23,2025-06-09,A
69058283,1722,991,35951.55,2024-07-22,A
73238694,6319,992,35004.36,2023-01-28,A
81483072,6891,992,37887.12,2024-05-12,A
71777181,4593,993,21597.63,2023-09-24,A
91827511,1722,994,45164.17,2023-10-02,A
25257708,1257,995,17659.91,2023-04-10,A
18951475,2199,996,26529.71,2025-01-05,A
67090949,1257,996,41793.66,2022-12-02,A
80153033,6187,997,835.52,2021-12-30,A
37040388,5772,998,3033.4,2020-09-04,A
77224325,6187,999,24209.49,2025-01-31,A
27332399,1714,1000,2589.74,2023-05-15,A
